[03Sep2025 15:29:02.396] [main/INFO] [cpw.mods.modlauncher.Launcher/MODLAUNCHER]: ModLauncher running: args [--username, marcos4503, --version, 1.20.1, --gameDir, C:/Users/junio/AppData/Roaming/.minecraft-plus/Game/instances/1.20.1 Classic Vanilla+/minecraft, --assetsDir, C:/Users/junio/AppData/Roaming/.minecraft-plus/Game/assets, --assetIndex, 5, --uuid, 4de8cd70d4daee746b61f7dd616635bc, --accessToken, ????????, --userType, offline, --versionType, release, --launchTarget, forgeclient, --fml.forgeVersion, 47.4.0, --fml.mcVersion, 1.20.1, --fml.forgeGroup, net.minecraftforge, --fml.mcpVersion, 20230612.114412, --width, 1280, --height, 720]
[03Sep2025 15:29:02.412] [main/INFO] [cpw.mods.modlauncher.Launcher/MODLAUNCHER]: ModLauncher 10.0.9+10.0.9+main.dcd20f30 starting: java version 17.0.2 by Oracle Corporation; OS Windows 11 arch amd64 version 10.0
[03Sep2025 15:29:03.098] [main/INFO] [net.minecraftforge.fml.loading.ImmediateWindowHandler/]: Loading ImmediateWindowProvider fmlearlywindow
[03Sep2025 15:29:03.401] [main/INFO] [EARLYDISPLAY/]: Trying GL version 4.6
[03Sep2025 15:29:03.691] [main/INFO] [EARLYDISPLAY/]: Requested GL version 4.6 got version 4.6
[03Sep2025 15:29:03.741] [main/INFO] [mixin-transmog/]: Mixin Transmogrifier is definitely up to no good...
[03Sep2025 15:29:03.763] [main/INFO] [mixin-transmog/]: crimes against java were committed
[03Sep2025 15:29:03.787] [main/INFO] [mixin-transmog/]: Original mixin transformation service successfully crobbed by mixin-transmogrifier!
[03Sep2025 15:29:03.973] [pool-2-thread-1/INFO] [EARLYDISPLAY/]: GL info: NVIDIA GeForce RTX 3060 Ti/PCIe/SSE2 GL version 4.6.0 NVIDIA 576.80, NVIDIA Corporation
[03Sep2025 15:29:03.993] [main/INFO] [mixin/]: SpongePowered MIXIN Subsystem Version=0.8.5 Source=union:/C:/Users/junio/AppData/Roaming/.minecraft-plus/Game/instances/1.20.1%20Classic%20Vanilla+/minecraft/mods/CORE%20-%20Fabric%20Sinytra%20Connector%201.0.0-b46.jar%23215%23218!/ Service=ModLauncher Env=CLIENT
[03Sep2025 15:29:04.491] [main/WARN] [net.minecraftforge.fml.loading.moddiscovery.ModFileParser/LOADING]: Mod file C:\Users\junio\AppData\Roaming\.minecraft-plus\Game\libraries\net\minecraftforge\fmlcore\1.20.1-47.4.0\fmlcore-1.20.1-47.4.0.jar is missing mods.toml file
[03Sep2025 15:29:04.494] [main/WARN] [net.minecraftforge.fml.loading.moddiscovery.ModFileParser/LOADING]: Mod file C:\Users\junio\AppData\Roaming\.minecraft-plus\Game\libraries\net\minecraftforge\javafmllanguage\1.20.1-47.4.0\javafmllanguage-1.20.1-47.4.0.jar is missing mods.toml file
[03Sep2025 15:29:04.496] [main/WARN] [net.minecraftforge.fml.loading.moddiscovery.ModFileParser/LOADING]: Mod file C:\Users\junio\AppData\Roaming\.minecraft-plus\Game\libraries\net\minecraftforge\lowcodelanguage\1.20.1-47.4.0\lowcodelanguage-1.20.1-47.4.0.jar is missing mods.toml file
[03Sep2025 15:29:04.498] [main/WARN] [net.minecraftforge.fml.loading.moddiscovery.ModFileParser/LOADING]: Mod file C:\Users\junio\AppData\Roaming\.minecraft-plus\Game\libraries\net\minecraftforge\mclanguage\1.20.1-47.4.0\mclanguage-1.20.1-47.4.0.jar is missing mods.toml file
[03Sep2025 15:29:05.034] [main/INFO] [net.minecraftforge.fml.loading.moddiscovery.JarInJarDependencyLocator/]: Found 86 dependencies adding them to mods collection
[03Sep2025 15:29:05.502] [main/INFO] [org.sinytra.connector.locator.DependencyResolver/]: Dependency resolution found 9 candidates to load
[03Sep2025 15:29:09.493] [main/INFO] [org.sinytra.connector.service.hacks.ModuleLayerMigrator/]: Successfully made module authlib transformable
[03Sep2025 15:29:10.261] [main/INFO] [mixin/]: Compatibility level set to JAVA_17
[03Sep2025 15:29:10.481] [main/INFO] [cpw.mods.modlauncher.LaunchServiceHandler/MODLAUNCHER]: Launching target 'forgeclient' with arguments [--version, 1.20.1, --gameDir, C:\Users\junio\AppData\Roaming\.minecraft-plus\Game\instances\1.20.1 Classic Vanilla+\minecraft, --assetsDir, C:\Users\junio\AppData\Roaming\.minecraft-plus\Game\assets, --uuid, 4de8cd70d4daee746b61f7dd616635bc, --username, marcos4503, --assetIndex, 5, --accessToken, ????????, --userType, offline, --versionType, release, --width, 1280, --height, 720]
[03Sep2025 15:29:10.671] [main/INFO] [com.abdelaziz.saturn.common.Saturn/]: Loaded Saturn config file with 4 configurable options
[03Sep2025 15:29:11.254] [main/INFO] [ModernFix/]: Loaded configuration file for ModernFix 5.24.4+mc1.20.1: 96 options available, 1 override(s) found
[03Sep2025 15:29:11.256] [main/WARN] [ModernFix/]: Option 'mixin.perf.smart_ingredient_sync' overriden (by mods [crafttweaker]) to 'false'
[03Sep2025 15:29:11.256] [main/INFO] [ModernFix/]: Applying Nashorn fix
[03Sep2025 15:29:11.290] [main/INFO] [ModernFix/]: Applied Forge config corruption patch
[03Sep2025 15:29:11.816] [main/INFO] [Embeddium/]: Loaded configuration file for Embeddium: 176 options available, 3 override(s) found
[03Sep2025 15:29:11.819] [main/INFO] [Embeddium-GraphicsAdapterProbe/]: Searching for graphics cards...
[03Sep2025 15:29:12.284] [main/INFO] [Embeddium-GraphicsAdapterProbe/]: Found graphics card: GraphicsAdapterInfo[vendor=UNKNOWN, name=Parsec Virtual Display Adapter, version=DriverVersion=0.45.0.0]
[03Sep2025 15:29:12.284] [main/INFO] [Embeddium-GraphicsAdapterProbe/]: Found graphics card: GraphicsAdapterInfo[vendor=INTEL, name=Intel(R) UHD Graphics 770, version=DriverVersion=32.0.101.6129]
[03Sep2025 15:29:12.284] [main/INFO] [Embeddium-GraphicsAdapterProbe/]: Found graphics card: GraphicsAdapterInfo[vendor=NVIDIA, name=NVIDIA GeForce RTX 3060 Ti, version=DriverVersion=32.0.15.7680]
[03Sep2025 15:29:12.295] [main/WARN] [Embeddium-Workarounds/]: Embeddium has applied one or more workarounds to prevent crashes or other issues on your system: [NVIDIA_THREADED_OPTIMIZATIONS]
[03Sep2025 15:29:12.295] [main/WARN] [Embeddium-Workarounds/]: This is not necessarily an issue, but it may result in certain features or optimizations being disabled. You can sometimes fix these issues by upgrading your graphics driver.
[03Sep2025 15:29:12.597] [main/WARN] [mixin/]: Reference map 'puzzlesaccessapi.common.refmap.json' for puzzlesaccessapi.common.mixins.json could not be read. If this is a development environment you can ignore this message
[03Sep2025 15:29:12.639] [main/INFO] [Canary/]: Loaded configuration file for Canary: 116 options available, 0 override(s) found
[03Sep2025 15:29:12.705] [main/INFO] [Embeddium Extra/]: Loaded configuration file for Sodium Extra: 35 options available, 0 override(s) found
[03Sep2025 15:29:12.752] [main/INFO] [Puzzles Lib/]: Loading 130 mods:
	- backporteddiamondgen 1.20
	- betterclouds 1.3.35-beta+1.20.1-forge.rev.edd63c1
		\-- mixinsquared 0.2.0
	- canary 0.3.3
	- changeitemsdurability 1.0.0
	- chunksfadein 1.0.7-1.20.1
	- citresewn 1.20.1-5
	- cleanview 1.20.1-v1
	- cloth_basic_math 0.6.1
	- cloth_config 11.1.136
	- clumps 12.0.0.4
	- collective 8.3
	- com_moandjiezana_toml_toml4j 0.7.2
	- connectorextras 1.11.2+1.20.1
		|-- amecsapi 1.5.3+mc1.20-pre1
		|-- connectorextras_architectury_bridge 1.11.2+1.20.1
		|-- connectorextras_emi_bridge 1.11.2+1.20.1
		|-- connectorextras_energy_bridge 1.11.2+1.20.1
		|-- connectorextras_geckolib_fabric_compat 1.11.2+1.20.1
		|-- connectorextras_jei_bridge 1.11.2+1.20.1
		|-- connectorextras_kubejs_bridge 1.11.2+1.20.1
		|-- connectorextras_modmenu_bridge 1.11.2+1.20.1
			\-- modmenu 7.2.2
		|-- connectorextras_pehkui_bridge 1.11.2+1.20.1
		|-- connectorextras_rei_bridge 1.11.2+1.20.1
		|-- connectorextras_terrablender_bridge 1.11.2+1.20.1
		|-- forgeconfigapiport 8.0.0
		\-- reach_entity_attributes 2.4.0
	- connectormod 1.0.0-beta.46+1.20.1
	- crafttweaker 14.0.59
	- crowdin_translate 1.41.19.3
	- cupboard 1.20.1-2.7
	- curios 0.0NONE
	- darktimer 1.0.9
	- deepslatetweaks 2.0
	- drippyloadingscreen 3.0.12
	- editmobdrops 1.4.4
	- embeddium 0.3.31+mc1.20.1
		\-- rubidium 0.7.1
	- embeddium_extra 0.5.4.4+mc1.20.1-build.131
	- entity_model_features 3.0.1
	- entity_texture_features 7.0.1
	- entityculling 1.8.2
		|-- transition 1.0.3
		\-- trender 1.0.5
	- fabric_api 0.92.6+1.11.14+1.20.1
		|-- fabric_api_base 0.4.32+ef105b4977
		|-- fabric_api_lookup_api_v1 1.6.37+67f9824077
		|-- fabric_biome_api_v1 13.0.14+dc36698e77
		|-- fabric_block_api_v1 1.0.12+0e6cb7f777
		|-- fabric_block_view_api_v2 1.0.3+53347ba977
		|-- fabric_blockrenderlayer_v1 1.1.42+1d0da21e77
		|-- fabric_client_tags_api_v1 1.1.3+5d6761b877
		|-- fabric_command_api_v1 1.2.35+f71b366f77
		|-- fabric_command_api_v2 2.2.14+561530ec77
		|-- fabric_content_registries_v0 4.0.13+a670df1e77
		|-- fabric_convention_tags_v1 1.5.6+fa3d1c0177
		|-- fabric_data_attachment_api_v1 1.0.2+30ef839e77
		|-- fabric_data_generation_api_v1 12.3.7+369cb3a477
		|-- fabric_dimensions_v1 2.1.55+8005d10d77
		|-- fabric_entity_events_v1 1.6.1+4ca7515277
		|-- fabric_events_interaction_v0 0.6.5+0f26153f77
		|-- fabric_game_rule_api_v1 1.0.41+683d4da877
		|-- fabric_item_api_v1 2.1.29+4d0bbcfa77
		|-- fabric_item_group_api_v1 4.0.14+c9161c2d77
		|-- fabric_key_binding_api_v1 1.0.38+561530ec77
		|-- fabric_lifecycle_events_v1 2.2.23+afab492177
		|-- fabric_loot_api_v2 1.2.3+eb28f93e77
		|-- fabric_message_api_v1 5.1.10+52cc178c77
		|-- fabric_mining_level_api_v1 2.1.52+561530ec77
		|-- fabric_model_loading_api_v1 1.0.4+6274ab9d77
		|-- fabric_models_v0 0.4.3+7c3892a477
		|-- fabric_networking_api_v1 1.3.14+fb7c822677
		|-- fabric_object_builder_api_v1 11.1.5+f8c414ce77
		|-- fabric_particles_v1 1.1.3+78e1ecb877
		|-- fabric_recipe_api_v1 1.0.24+514a076577
		|-- fabric_registry_sync_v0 2.3.6+1c0ea72177
		|-- fabric_renderer_api_v1 3.2.2+cf68abbe77
		|-- fabric_renderer_indigo 1.5.3+b5b2da4177
		|-- fabric_rendering_data_attachment_v1 0.3.39+a6081afc77
		|-- fabric_rendering_fluids_v1 3.0.29+4ac5e37a77
		|-- fabric_rendering_v1 3.0.9+66e9a48f77
		|-- fabric_resource_conditions_api_v1 2.3.9+996d00b277
		|-- fabric_resource_loader_v0 0.11.12+4b4151c077
		|-- fabric_screen_api_v1 2.0.9+45a670a577
		|-- fabric_screen_handler_api_v1 1.3.33+561530ec77
		|-- fabric_sound_api_v1 1.0.14+4f23bd8477
		|-- fabric_transfer_api_v1 3.3.6+631c9cd677
		|-- fabric_transitive_access_wideners_v1 4.3.2+1880499877
		\-- mixinextras 0.4.1
	- fancymenu 3.7.0
	- fency 0.0NONE
	- ferritecore 6.0.1
	- fixedanvilrepaircost 3.5
	- forge 47.4.0
	- fusion 1.2.11+a
	- golemsarefriends 1.20.0-1.0.1
	- horseinboat 1.1.4
	- immediatelyfast 1.5.1+1.20.4
	- impactfulweather 4.1.0
	- increasemobcap 1.0-1.20.1
	- jei 15.20.0.112
	- konkrete 1.8.0
	- krypton 0.2.3
	- leavesbegone 8.0.0
	- mcbrowser 1.0.1
	- mcef 2.1.6-1.20.1
	- melody 1.0.2
	- minecart_turning 1.1.01.20-1.21
	- minecraft 1.20.1
	- modernfix 5.24.4+mc1.20.1
	- moremcmeta 1.20.1-4.5.2
		|-- moremcmeta_animation_plugin 1.20.1-1.0.3
		|-- moremcmeta_gui_plugin 1.20.1-1.0.1
		|-- moremcmeta_json_parser_plugin 1.20.1-1.1.1
		|-- moremcmeta_properties_parser_plugin 1.20.1-1.1.5
		\-- moremcmeta_texture_plugin 1.20.1-1.0.1
	- moremcmeta_emissive_plugin 1.20.1-2.0.4
	- myserveriscompatible 1.0
	- nicer_skies 1.3.0
	- nochatreports 1.20.1-v2.2.2
	- oculus 1.8.0
	- offlineskins 1.20.1-v1
	- puzzleslib 8.1.33
		\-- puzzlesaccessapi 20.1.1
	- random_crits 1.3.2
	- saturn 0.1.3
	- smoothchunk 1.20.1-4.1
	- xaerominimap 25.2.10
	- xaeroplus 2.28.1
	- xaeroworldmap 1.39.12
	- yet_another_config_lib_v3 3.6.6+1.20.1-forge
[03Sep2025 15:29:12.856] [main/WARN] [mixin/]: Reference map '' for adapter.init.mixins.json could not be read. If this is a development environment you can ignore this message
[03Sep2025 15:29:13.518] [main/WARN] [mixin/]: Error loading class: net/coderbot/iris/pipeline/newshader/ExtendedShader (java.lang.ClassNotFoundException: net.coderbot.iris.pipeline.newshader.ExtendedShader)
[03Sep2025 15:29:13.557] [main/WARN] [mixin/]: Error loading class: net/coderbot/iris/pipeline/newshader/fallback/FallbackShader (java.lang.ClassNotFoundException: net.coderbot.iris.pipeline.newshader.fallback.FallbackShader)
[03Sep2025 15:29:13.688] [main/WARN] [mixin/]: Error loading class: dev/tr7zw/skinlayers/render/CustomizableModelPart (java.lang.ClassNotFoundException: dev.tr7zw.skinlayers.render.CustomizableModelPart)
[03Sep2025 15:29:13.832] [main/WARN] [mixin/]: Error loading class: mekanism/client/render/entity/RenderFlame (java.lang.ClassNotFoundException: mekanism.client.render.entity.RenderFlame)
[03Sep2025 15:29:13.868] [main/WARN] [mixin/]: Error loading class: mekanism/client/render/armor/MekaSuitArmor (java.lang.ClassNotFoundException: mekanism.client.render.armor.MekaSuitArmor)
[03Sep2025 15:29:14.615] [main/WARN] [Embeddium/]: Force-disabling mixin 'features.render.world.sky.WorldRendererMixin' as rule 'mixin.features.render.world.sky' (added by mods [oculus]) disables it and children
[03Sep2025 15:29:14.615] [main/WARN] [Embeddium/]: Force-disabling mixin 'features.render.world.sky.ClientWorldMixin' as rule 'mixin.features.render.world.sky' (added by mods [oculus]) disables it and children
[03Sep2025 15:29:14.615] [main/WARN] [Embeddium/]: Force-disabling mixin 'features.render.world.sky.BackgroundRendererMixin' as rule 'mixin.features.render.world.sky' (added by mods [oculus]) disables it and children
[03Sep2025 15:29:14.616] [main/WARN] [Embeddium/]: Force-disabling mixin 'features.render.gui.font.GlyphRendererMixin' as rule 'mixin.features.render.gui.font' (added by mods [oculus]) disables it and children
[03Sep2025 15:29:14.616] [main/WARN] [Embeddium/]: Force-disabling mixin 'features.render.gui.font.FontSetMixin' as rule 'mixin.features.render.gui.font' (added by mods [oculus]) disables it and children
[03Sep2025 15:29:14.617] [main/WARN] [Embeddium/]: Force-disabling mixin 'features.render.entity.shadows.EntityRenderDispatcherMixin' as rule 'mixin.features.render.entity' (added by mods [oculus]) disables it and children
[03Sep2025 15:29:14.617] [main/WARN] [Embeddium/]: Force-disabling mixin 'features.render.entity.remove_streams.ModelPartMixin' as rule 'mixin.features.render.entity' (added by mods [oculus]) disables it and children
[03Sep2025 15:29:14.617] [main/WARN] [Embeddium/]: Force-disabling mixin 'features.render.entity.remove_streams.HierarchicalModelMixin' as rule 'mixin.features.render.entity' (added by mods [oculus]) disables it and children
[03Sep2025 15:29:14.617] [main/WARN] [Embeddium/]: Force-disabling mixin 'features.render.entity.fast_render.ModelPartMixin' as rule 'mixin.features.render.entity' (added by mods [oculus]) disables it and children
[03Sep2025 15:29:14.617] [main/WARN] [Embeddium/]: Force-disabling mixin 'features.render.entity.fast_render.CuboidMixin' as rule 'mixin.features.render.entity' (added by mods [oculus]) disables it and children
[03Sep2025 15:29:14.617] [main/WARN] [Embeddium/]: Force-disabling mixin 'features.render.entity.cull.EntityRendererMixin' as rule 'mixin.features.render.entity' (added by mods [oculus]) disables it and children
[03Sep2025 15:29:14.839] [main/WARN] [mixin/]: Error loading class: org/jetbrains/annotations/ApiStatus$Internal (java.lang.ClassNotFoundException: org.jetbrains.annotations.ApiStatus$Internal)
[03Sep2025 15:29:14.989] [main/INFO] [MixinExtras|Service/]: Initializing MixinExtras via com.llamalad7.mixinextras.service.MixinExtrasServiceImpl(version=0.4.1).
[03Sep2025 15:29:15.407] [main/INFO] [mixin/]: Mixing client.MixinMinecraft from mixins/common/nochatreports.mixins.json into net.minecraft.client.Minecraft
[03Sep2025 15:29:17.314] [pool-5-thread-1/INFO] [net.minecraft.server.Bootstrap/]: ModernFix reached bootstrap stage (18.15 s after launch)
[03Sep2025 15:29:17.549] [pool-5-thread-1/INFO] [mixin/]: Mixing common.MixinFriendlyByteBuf from mixins/common/nochatreports.mixins.json into net.minecraft.network.FriendlyByteBuf
[03Sep2025 15:29:17.549] [pool-5-thread-1/INFO] [mixin/]: Renaming synthetic method lambda$onWriteJsonWithCodec$1(Ljava/lang/Object;Ljava/lang/String;)Lio/netty/handler/codec/EncoderException; to mdfd44ee$lambda$onWriteJsonWithCodec$1$0 in mixins/common/nochatreports.mixins.json:common.MixinFriendlyByteBuf from mod (unknown)
[03Sep2025 15:29:17.549] [pool-5-thread-1/INFO] [mixin/]: Renaming synthetic method lambda$onReadJsonWithCodec$0(Ljava/lang/String;)Lio/netty/handler/codec/DecoderException; to mdfd44ee$lambda$onReadJsonWithCodec$0$1 in mixins/common/nochatreports.mixins.json:common.MixinFriendlyByteBuf from mod (unknown)
[03Sep2025 15:29:17.594] [pool-5-thread-1/WARN] [mixin/]: @Final field delegatesByName:Ljava/util/Map; in modernfix-forge.mixins.json:perf.forge_registry_alloc.ForgeRegistryMixin from mod modernfix should be final
[03Sep2025 15:29:17.594] [pool-5-thread-1/WARN] [mixin/]: @Final field delegatesByValue:Ljava/util/Map; in modernfix-forge.mixins.json:perf.forge_registry_alloc.ForgeRegistryMixin from mod modernfix should be final
[03Sep2025 15:29:17.871] [pool-5-thread-1/INFO] [ModernFix/]: Injecting BlockStateBase cache population hook into getNeighborPathNodeType from com.abdelaziz.canary.mixin.ai.pathing.BlockStateBaseMixin
[03Sep2025 15:29:17.871] [pool-5-thread-1/INFO] [ModernFix/]: Injecting BlockStateBase cache population hook into getPathNodeType from com.abdelaziz.canary.mixin.ai.pathing.BlockStateBaseMixin
[03Sep2025 15:29:19.979] [pool-5-thread-1/INFO] [net.minecraft.server.Bootstrap/]: Vanilla bootstrap took 2662 milliseconds
[03Sep2025 15:29:22.574] [pool-5-thread-1/INFO] [mixin/]: Mixing server.MixinServerGamePacketListenerImpl from mixins/common/nochatreports.mixins.json into net.minecraft.server.network.ServerGamePacketListenerImpl
[03Sep2025 15:29:23.304] [pool-5-thread-1/WARN] [mixin/]: Method overwrite conflict for m_47505_ in modernfix-common.mixins.json:perf.remove_biome_temperature_cache.BiomeMixin from mod modernfix, previously written by com.abdelaziz.saturn.mixin.leaks.biome_temperature_cache.BiomeMixin. Skipping method.
[03Sep2025 15:29:23.650] [main/WARN] [net.minecraft.client.main.Main/]: Unrecognized user type: offline
[03Sep2025 15:29:23.814] [Render thread/INFO] [mixin/]: Mixing client.MixinChatScreen from mixins/common/nochatreports.mixins.json into net.minecraft.client.gui.screens.ChatScreen
[03Sep2025 15:29:23.815] [Render thread/INFO] [mixin/]: Renaming synthetic method lambda$onInit$4()Lnet/minecraft/network/chat/Component; to mdfd44ee$lambda$onInit$4$0 in mixins/common/nochatreports.mixins.json:client.MixinChatScreen from mod (unknown)
[03Sep2025 15:29:23.815] [Render thread/INFO] [mixin/]: Renaming synthetic method lambda$onInit$3(Lnet/minecraft/client/gui/components/Button;)V to mdfd44ee$lambda$onInit$3$1 in mixins/common/nochatreports.mixins.json:client.MixinChatScreen from mod (unknown)
[03Sep2025 15:29:23.815] [Render thread/INFO] [mixin/]: Renaming synthetic method lambda$onInit$2()Lnet/minecraft/network/chat/Component; to mdfd44ee$lambda$onInit$2$2 in mixins/common/nochatreports.mixins.json:client.MixinChatScreen from mod (unknown)
[03Sep2025 15:29:23.815] [Render thread/INFO] [mixin/]: Renaming synthetic method lambda$onInit$1(Lnet/minecraft/client/gui/components/Button;)V to mdfd44ee$lambda$onInit$1$3 in mixins/common/nochatreports.mixins.json:client.MixinChatScreen from mod (unknown)
[03Sep2025 15:29:23.815] [Render thread/INFO] [mixin/]: Renaming synthetic method lambda$onBeforeMessage$0(Ljava/lang/String;Lorg/spongepowered/asm/mixin/injection/callback/CallbackInfoReturnable;Lcom/aizistral/nochatreports/common/encryption/Encryptor;)V to mdfd44ee$lambda$onBeforeMessage$0$4 in mixins/common/nochatreports.mixins.json:client.MixinChatScreen from mod (unknown)
[03Sep2025 15:29:23.831] [Render thread/INFO] [mixin/]: Mixing client.MixinTitleScreen from mixins/common/nochatreports.mixins.json into net.minecraft.client.gui.screens.TitleScreen
[03Sep2025 15:29:23.930] [Thread-3/INFO] [MCEF/]: java-cef commit: a78e832f9f13c2c688caea3d04d8b84fcd238d94
[03Sep2025 15:29:23.943] [Thread-3/INFO] [MCEF/]: https://mcef-download.cinemamod.com/java-cef-builds/a78e832f9f13c2c688caea3d04d8b84fcd238d94/windows_amd64.tar.gz.sha256 -> C:\Users\junio\AppData\Roaming\.minecraft-plus\Game\instances\1.20.1 Classic Vanilla+\minecraft\mods\mcef-libraries\windows_amd64.tar.gz.sha256.temp
[03Sep2025 15:29:23.958] [Render thread/WARN] [net.minecraft.server.packs.VanillaPackResourcesBuilder/]: Assets URL 'union:/C:/Users/junio/AppData/Roaming/.minecraft-plus/Game/libraries/net/minecraft/client/1.20.1-20230612.114412/client-1.20.1-20230612.114412-srg.jar%23278!/assets/.mcassetsroot' uses unexpected schema
[03Sep2025 15:29:23.958] [Render thread/WARN] [net.minecraft.server.packs.VanillaPackResourcesBuilder/]: Assets URL 'union:/C:/Users/junio/AppData/Roaming/.minecraft-plus/Game/libraries/net/minecraft/client/1.20.1-20230612.114412/client-1.20.1-20230612.114412-srg.jar%23278!/data/.mcassetsroot' uses unexpected schema
[03Sep2025 15:29:24.012] [Render thread/INFO] [com.mojang.authlib.yggdrasil.YggdrasilAuthenticationService/]: Environment: authHost='https://authserver.mojang.com', accountsHost='https://api.mojang.com', sessionHost='https://sessionserver.mojang.com', servicesHost='https://api.minecraftservices.com', name='PROD'
[03Sep2025 15:29:24.022] [Render thread/INFO] [net.minecraft.client.Minecraft/]: Setting user: marcos4503
[03Sep2025 15:29:24.209] [Render thread/INFO] [ModernFix/]: Bypassed Mojang DFU
[03Sep2025 15:29:24.209] [Render thread/INFO] [mixin/]: Mixing client.MixinToastComponent from mixins/common/nochatreports.mixins.json into net.minecraft.client.gui.components.toasts.ToastComponent
[03Sep2025 15:29:24.543] [Render thread/INFO] [mixin/]: amecsapi.mixins.json:KeyMappingLookupAccessor from mod amecsapi->@Accessor[FIELD_GETTER]::getMap()Ljava/util/EnumMap; should be static as its target is
[03Sep2025 15:29:24.576] [Render thread/INFO] [mixin/]: Mixing client.MixinOptions from mixins/common/nochatreports.mixins.json into net.minecraft.client.Options
[03Sep2025 15:29:24.576] [Render thread/INFO] [mixin/]: Renaming synthetic method lambda$onlyShowSecureChat$0(Ljava/lang/Boolean;)V to mdfd44ee$lambda$onlyShowSecureChat$0$0 in mixins/common/nochatreports.mixins.json:client.MixinOptions from mod (unknown)
[03Sep2025 15:29:24.769] [Render thread/INFO] [mixin/]: Mixing client.MixinChatComponent from mixins/common/nochatreports.mixins.json into net.minecraft.client.gui.components.ChatComponent
[03Sep2025 15:29:24.770] [Render thread/INFO] [mixin/]: Renaming synthetic method lambda$modifyGUIMessage$1()V to mdfd44ee$lambda$modifyGUIMessage$1$0 in mixins/common/nochatreports.mixins.json:client.MixinChatComponent from mod (unknown)
[03Sep2025 15:29:24.770] [Render thread/INFO] [mixin/]: Renaming synthetic method lambda$modifyGUIMessage$0(Lnet/minecraft/network/chat/FormattedText;Lnet/minecraft/network/chat/Component;)V to mdfd44ee$lambda$modifyGUIMessage$0$1 in mixins/common/nochatreports.mixins.json:client.MixinChatComponent from mod (unknown)
[03Sep2025 15:29:24.784] [Render thread/INFO] [mixin/]: Mixing client.MixinGuiMessageTagIcon from mixins/common/nochatreports.mixins.json into net.minecraft.client.GuiMessageTag$Icon
[03Sep2025 15:29:24.784] [Render thread/INFO] [mixin/]: Renaming @Invoker method create(Ljava/lang/String;IIIII)Lnet/minecraft/client/GuiMessageTag$Icon; to create_$md$fd44ee$0 in mixins/common/nochatreports.mixins.json:client.MixinGuiMessageTagIcon from mod (unknown)
[03Sep2025 15:29:25.051] [Render thread/INFO] [net.minecraft.client.Options/]: Added resource packs: [vanilla, mod_resources, fabric, file/Recursos Para o Tema.zip]
[03Sep2025 15:29:25.060] [Render thread/INFO] [net.minecraft.client.Minecraft/]: Backend library: LWJGL version 3.3.1 build 7
[03Sep2025 15:29:25.154] [Render thread/WARN] [Embeddium-NvidiaWorkarounds/]: Applying workaround: Prevent the NVIDIA OpenGL driver from using broken optimizations (NVIDIA_THREADED_OPTIMIZATIONS)
[03Sep2025 15:29:25.162] [Render thread/ERROR] [Embeddium-MixinTaintDetector/]: Mod mixin into Embeddium internals detected. This instance is now tainted. The Embeddium team does not provide any guarantee of support for issues encountered while such mods are installed.
[03Sep2025 15:29:25.162] [Render thread/WARN] [Embeddium-MixinTaintDetector/]: Mod(s) [oculus] are modifying Embeddium class me.jellysquid.mods.sodium.client.gui.SodiumGameOptions, which may cause instability.
[03Sep2025 15:29:25.204] [Render thread/INFO] [Embeddium-PostlaunchChecks/]: OpenGL Vendor: NVIDIA Corporation
[03Sep2025 15:29:25.204] [Render thread/INFO] [Embeddium-PostlaunchChecks/]: OpenGL Renderer: NVIDIA GeForce RTX 3060 Ti/PCIe/SSE2
[03Sep2025 15:29:25.204] [Render thread/INFO] [Embeddium-PostlaunchChecks/]: OpenGL Version: 4.6.0 NVIDIA 576.80
[03Sep2025 15:29:25.206] [Render thread/WARN] [Embeddium-PostlaunchChecks/]: Enabling secondary workaround for NVIDIA threaded optimizations
[03Sep2025 15:29:25.320] [Render thread/INFO] [ImmediatelyFast/]: Initializing ImmediatelyFast 1.5.1+1.20.4 on NVIDIA GeForce RTX 3060 Ti/PCIe/SSE2 (NVIDIA Corporation) with OpenGL 4.6.0 NVIDIA 576.80
[03Sep2025 15:29:25.321] [Render thread/INFO] [ImmediatelyFast/]: Found Iris/Oculus 1.8.0. Enabling compatibility.
[03Sep2025 15:29:25.515] [Render thread/INFO] [BetterClouds/PreLaunch/]: [BetterClouds/PreLaunch] Initializing OpenGL compat
[03Sep2025 15:29:25.517] [Render thread/INFO] [Oculus/]: Debug functionality is disabled.
[03Sep2025 15:29:25.519] [Render thread/INFO] [Oculus/]: OpenGL 4.5 detected, enabling DSA.
[03Sep2025 15:29:25.916] [Render thread/WARN] [Oculus/]: Found flag CUSTOM_IMAGES
[03Sep2025 15:29:25.921] [Render thread/WARN] [Oculus/]: Tried to get boolean value for unknown option: 1, defaulting to true!
[03Sep2025 15:29:25.921] [Render thread/WARN] [Oculus/]: Tried to get boolean value for unknown option: 1, defaulting to true!
[03Sep2025 15:29:25.921] [Render thread/WARN] [Oculus/]: Tried to get boolean value for unknown option: 1, defaulting to true!
[03Sep2025 15:29:25.930] [Render thread/INFO] [Oculus/]: Profile: Custom (+25 options changed by user)
[03Sep2025 15:29:26.741] [Render thread/INFO] [Oculus/]: Using shaderpack: Complementary     [Equilibrado] ???????? FPS.zip
[03Sep2025 15:29:27.113] [modloading-worker-0/INFO] [dev.su5ed.sinytra.connectorextras.terrablenderbridge.TerraBlenderBridge/]: Injecting TerraBlender API classes
[03Sep2025 15:29:27.119] [modloading-worker-0/WARN] [dev.su5ed.sinytra.connectorextras.util.HackyModuleInjector/]: Module terrablender is not present, skipping class injection
[03Sep2025 15:29:27.139] [modloading-worker-0/INFO] [Entity Texture Features/]: Loading Entity Texture Features, you just lost the game.
[03Sep2025 15:29:27.139] [modloading-worker-0/INFO] [de.keksuccino.melody.Melody/]: [MELODY] Loading Melody background audio library..
[03Sep2025 15:29:27.171] [modloading-worker-0/INFO] [Collective/]: Loading Collective version 8.3.
[03Sep2025 15:29:27.180] [modloading-worker-0/INFO] [Entity Texture Features/]: [ETF]: Modifying ETF Render State constructor because: for EMF
[03Sep2025 15:29:27.188] [modloading-worker-0/INFO] [traben.entity_model_features.EMF/]: Loading Entity Model Features, OptiFine's weirder younger half-brother that runs around making train models.
[03Sep2025 15:29:27.271] [modloading-worker-0/INFO] [mixin/]: Mixing server.MixinPlayerList from mixins/common/nochatreports.mixins.json into net.minecraft.server.players.PlayerList
[03Sep2025 15:29:27.300] [modloading-worker-0/INFO] [com.cupboard.Cupboard/]: Loaded config for: cupboard.json
[03Sep2025 15:29:27.303] [modloading-worker-0/WARN] [Embeddium-MixinTaintDetector/]: Mod(s) [oculus, embeddium_extra] are modifying Embeddium class me.jellysquid.mods.sodium.client.gui.SodiumOptionsGUI, which may cause instability.
[03Sep2025 15:29:27.335] [modloading-worker-0/INFO] [Puzzles Lib/]: Constructing common components for leavesbegone:main
[03Sep2025 15:29:27.336] [modloading-worker-0/INFO] [mixin/]: Mixing client.MixinClientPacketListener from mixins/common/nochatreports.mixins.json into net.minecraft.client.multiplayer.ClientPacketListener
[03Sep2025 15:29:27.337] [modloading-worker-0/INFO] [mixin/]: Mixing client.MixinClientPacketListener from mixins/forge/nochatreports-forge.mixins.json into net.minecraft.client.multiplayer.ClientPacketListener
[03Sep2025 15:29:27.431] [modloading-worker-0/INFO] [STDOUT/]: [dev.tr7zw.trender.gui.impl.client.LibGuiClient:onInitializeClient:38]: [LibGui] Initializing Client...
[03Sep2025 15:29:27.439] [modloading-worker-0/INFO] [Biome Particle Weather/]: Added listener to client registration of mod impactfulweather
[03Sep2025 15:29:27.458] [modloading-worker-0/INFO] [net.fabricmc.fabric.impl.client.indigo.Indigo/]: [Indigo] Registering Indigo renderer!
[03Sep2025 15:29:27.466] [modloading-worker-0/INFO] [de.keksuccino.konkrete.Konkrete/]: [KONKRETE] Successfully initialized!
[03Sep2025 15:29:27.466] [modloading-worker-0/INFO] [de.keksuccino.konkrete.Konkrete/]: [KONKRETE] Server-side libs ready to use!
[03Sep2025 15:29:27.485] [modloading-worker-0/INFO] [net.minecraftforge.common.ForgeMod/FORGEMOD]: Forge mod loading, version 47.4.0, for MC 1.20.1 with MCP 20230612.114412
[03Sep2025 15:29:27.485] [modloading-worker-0/INFO] [net.minecraftforge.common.MinecraftForge/FORGE]: MinecraftForge v47.4.0 Initialized
[03Sep2025 15:29:27.507] [modloading-worker-0/INFO] [de.keksuccino.drippyloadingscreen.DrippyLoadingScreen/]: [DRIPPY LOADING SCREEN] Loading v3.0.12 in client-side mode on FORGE!
[03Sep2025 15:29:27.508] [modloading-worker-0/INFO] [NoChatReports/]: KONNICHIWA ZA WARUDO!
[03Sep2025 15:29:27.510] [modloading-worker-0/INFO] [NoChatReports/]: Default JVM text encoding is: windows-1252
[03Sep2025 15:29:27.517] [modloading-worker-0/INFO] [YetAnotherConfigLib/]: Deserializing Config from 'C:\Users\junio\AppData\Roaming\.minecraft-plus\Game\instances\1.20.1 Classic Vanilla+\minecraft\config\betterclouds-v1.json'
[03Sep2025 15:29:27.552] [modloading-worker-0/INFO] [mixin/]: Mixing client.MixinClientHandshakePacketListenerImpl from mixins/forge/nochatreports-forge.mixins.json into net.minecraft.client.multiplayer.ClientHandshakePacketListenerImpl
[03Sep2025 15:29:27.559] [modloading-worker-0/INFO] [NoChatReports/]: Reading config file NoChatReports/NCR-Common.json...
[03Sep2025 15:29:27.563] [modloading-worker-0/INFO] [de.keksuccino.fancymenu.FancyMenu/]: [FANCYMENU] Loading v3.7.0 in client-side mode on FORGE!
[03Sep2025 15:29:27.586] [modloading-worker-0/INFO] [NoChatReports/]: Reading config file NoChatReports/NCR-Client.json...
[03Sep2025 15:29:27.629] [modloading-worker-0/INFO] [NoChatReports/]: Reading config file NoChatReports/NCR-ServerPreferences.json...
[03Sep2025 15:29:27.630] [modloading-worker-0/INFO] [Biome Particle Weather/]: client setup
[03Sep2025 15:29:27.657] [modloading-worker-0/INFO] [mixin/]: Mixing client.MixinClientConnection from mixins/forge/nochatreports-forge.mixins.json into net.minecraft.network.Connection
[03Sep2025 15:29:27.663] [modloading-worker-0/INFO] [NoChatReports/]: Reading config file NoChatReports/NCR-Encryption.json...
[03Sep2025 15:29:27.684] [modloading-worker-0/INFO] [io.github.moremcmeta.moremcmeta.impl.client.MoreMcmeta/]: Loading 6 MoreMcmeta plugins:
	- moremcmeta_animation_plugin
	- moremcmeta_texture_plugin
	- moremcmeta_gui_plugin
	- moremcmeta_emissive_plugin
	- moremcmeta_moremcmeta_parser_plugin
	- moremcmeta_properties_parser_plugin
[03Sep2025 15:29:27.749] [modloading-worker-0/INFO] [YetAnotherConfigLib/]: Deserializing YACLConfig from 'C:\Users\junio\AppData\Roaming\.minecraft-plus\Game\instances\1.20.1 Classic Vanilla+\minecraft\config\yacl.json5'
[03Sep2025 15:29:27.797] [modloading-worker-0/INFO] [XaeroPlus/]: Found Embeddium Options API support. Enabling Embeddium support
[03Sep2025 15:29:28.052] [modloading-worker-0/INFO] [de.keksuccino.fancymenu.util.mcef.BrowserHandler/]: [FANCYMENU] Starting initialization of BrowserHandler..
[03Sep2025 15:29:28.053] [modloading-worker-0/WARN] [de.keksuccino.fancymenu.util.mcef.BrowserHandler/]: [FANCYMENU] MCEF not initialized yet! Will wait for MCEF to be ready before initializing BrowserHandler!
[03Sep2025 15:29:28.054] [modloading-worker-0/INFO] [Puzzles Lib/]: Constructing common components for puzzleslib:main
[03Sep2025 15:29:28.060] [modloading-worker-0/INFO] [NoChatReports/]: Writing config file NoChatReports/NCR-Common.json...
[03Sep2025 15:29:28.062] [modloading-worker-0/INFO] [NoChatReports/]: Writing config file NoChatReports/NCR-Client.json...
[03Sep2025 15:29:28.062] [modloading-worker-0/INFO] [de.keksuccino.fancymenu.util.rendering.video.mcef.MCEFVideoManager/]: [FANCYMENU] Starting initialization of MCEFVideoManager..
[03Sep2025 15:29:28.062] [modloading-worker-0/WARN] [de.keksuccino.fancymenu.util.rendering.video.mcef.MCEFVideoManager/]: [FANCYMENU] MCEF not initialized yet! Will wait for MCEF to be ready before initializing MCEFVideoManager!
[03Sep2025 15:29:28.064] [modloading-worker-0/INFO] [NoChatReports/]: Writing config file NoChatReports/NCR-ServerPreferences.json...
[03Sep2025 15:29:28.093] [modloading-worker-0/INFO] [NoChatReports/]: Writing config file NoChatReports/NCR-Encryption.json...
[03Sep2025 15:29:28.099] [modloading-worker-0/INFO] [NoChatReports/]: Client initialization...
[03Sep2025 15:29:28.170] [modloading-worker-0/INFO] [Entity Texture Features/]: [ETF]: 6 new ETF Random Properties registered by entity_model_features
[03Sep2025 15:29:28.231] [modloading-worker-0/INFO] [mezz.jei.library.load.PluginCaller/]: Sending ConfigManager...
[03Sep2025 15:29:28.240] [modloading-worker-0/INFO] [mezz.jei.library.load.PluginCaller/]: Sending ConfigManager took 7.494 ms
[03Sep2025 15:29:28.284] [modloading-worker-0/INFO] [Puzzles Lib/]: Constructing client components for puzzleslib:main
[03Sep2025 15:29:29.838] [Render thread/INFO] [net.minecraft.resources.RegistryDataLoader/]: Capturing existing worldgen registries
[03Sep2025 15:29:29.838] [Render thread/INFO] [net.minecraft.resources.RegistryDataLoader/]: Found 0 injected RegistryDataLoader worldgen registries
[03Sep2025 15:29:30.856] [Render thread/INFO] [ModernFix/]: Replacing search trees with 'JEI' provider
[03Sep2025 15:29:31.627] [Finalizer/WARN] [ModernFix/]: One or more BufferBuilders have been leaked, ModernFix will attempt to correct this.
[03Sep2025 15:29:31.711] [Render thread/INFO] [Oculus/]: Hardware information:
[03Sep2025 15:29:31.711] [Render thread/INFO] [Oculus/]: CPU: 20x 12th Gen Intel(R) Core(TM) i7-12700K
[03Sep2025 15:29:31.711] [Render thread/INFO] [Oculus/]: GPU: NVIDIA GeForce RTX 3060 Ti/PCIe/SSE2 (Supports OpenGL 4.6.0 NVIDIA 576.80)
[03Sep2025 15:29:31.712] [Render thread/INFO] [Oculus/]: OS: Windows 11 (10.0)
[03Sep2025 15:29:31.789] [Render thread/WARN] [Embeddium-MixinTaintDetector/]: Mod(s) [oculus] are modifying Embeddium class me.jellysquid.mods.sodium.client.render.vertex.VertexFormatDescriptionImpl, which may cause instability.
[03Sep2025 15:29:31.796] [Render thread/WARN] [Embeddium-MixinTaintDetector/]: Mod(s) [entity_texture_features, oculus] are modifying Embeddium class me.jellysquid.mods.sodium.client.render.vertex.buffer.SodiumBufferBuilder, which may cause instability.
[03Sep2025 15:29:31.857] [Render thread/WARN] [Embeddium-MixinTaintDetector/]: Mod(s) [chunksfadein, oculus] are modifying Embeddium class me.jellysquid.mods.sodium.client.render.SodiumWorldRenderer, which may cause instability.
[03Sep2025 15:29:32.240] [Render thread/INFO] [XaeroPlus/]: WorldTools not found. Disabling WorldTools support.
[03Sep2025 15:29:32.242] [Render thread/INFO] [XaeroPlus/]: Waystones not found. Disabling Waystones support.
[03Sep2025 15:29:32.243] [Render thread/INFO] [XaeroPlus/]: Fabric Waystones not found. Disabling Fabric Waystones support.
[03Sep2025 15:29:32.243] [Render thread/INFO] [XaeroPlus/]: Baritone API not found. Disabling Baritone support.
[03Sep2025 15:29:32.696] [Render thread/INFO] [net.minecraft.client.Minecraft/]: [FANCYMENU] Registering resource reload listener..
[03Sep2025 15:29:32.799] [Render thread/INFO] [de.keksuccino.fancymenu.customization.ScreenCustomization/]: [FANCYMENU] Initializing screen customization engine! Addons should NOT REGISTER TO REGISTRIES anymore now!
[03Sep2025 15:29:32.968] [Render thread/INFO] [mixin/]: Mixing client.MixinConnectScreen from mixins/common/nochatreports.mixins.json into net.minecraft.client.gui.screens.ConnectScreen
[03Sep2025 15:29:32.990] [Render thread/INFO] [mixin/]: fancymenu.mixins.json:client.IMixinRealmsNotificationsScreen from mod fancymenu->@Accessor[FIELD_GETTER]::get_trialAvailable_FancyMenu()Z should be static as its target is
[03Sep2025 15:29:32.990] [Render thread/INFO] [mixin/]: fancymenu.mixins.json:client.IMixinRealmsNotificationsScreen from mod fancymenu->@Accessor[FIELD_GETTER]::get_hasUnreadNews_FancyMenu()Z should be static as its target is
[03Sep2025 15:29:32.990] [Render thread/INFO] [mixin/]: fancymenu.mixins.json:client.IMixinRealmsNotificationsScreen from mod fancymenu->@Accessor[FIELD_GETTER]::get_hasUnseenNotifications()Z should be static as its target is
[03Sep2025 15:29:32.990] [Render thread/INFO] [mixin/]: fancymenu.mixins.json:client.IMixinRealmsNotificationsScreen from mod fancymenu->@Accessor[FIELD_GETTER]::get_validClient_FancyMenu()Z should be static as its target is
[03Sep2025 15:29:32.999] [Render thread/INFO] [mixin/]: Mixing client.MixinChatOptionsScreen from mixins/common/nochatreports.mixins.json into net.minecraft.client.gui.screens.ChatOptionsScreen
[03Sep2025 15:29:32.999] [Render thread/INFO] [mixin/]: Renaming synthetic method lambda$init$0(Lnet/minecraft/client/gui/components/AbstractWidget;)V to mdfd44ee$lambda$init$0$0 in mixins/common/nochatreports.mixins.json:client.MixinChatOptionsScreen from mod (unknown)
[03Sep2025 15:29:33.058] [Render thread/INFO] [mixin/]: Mixing client.MixinJoinMultiplayerScreen from mixins/common/nochatreports.mixins.json into net.minecraft.client.gui.screens.multiplayer.JoinMultiplayerScreen
[03Sep2025 15:29:33.058] [Render thread/INFO] [mixin/]: Renaming synthetic method lambda$onInit$2()Lnet/minecraft/network/chat/Component; to mdfd44ee$lambda$onInit$2$0 in mixins/common/nochatreports.mixins.json:client.MixinJoinMultiplayerScreen from mod (unknown)
[03Sep2025 15:29:33.058] [Render thread/INFO] [mixin/]: Renaming synthetic method lambda$onInit$1(Lnet/minecraft/client/gui/components/Button;)V to mdfd44ee$lambda$onInit$1$1 in mixins/common/nochatreports.mixins.json:client.MixinJoinMultiplayerScreen from mod (unknown)
[03Sep2025 15:29:33.058] [Render thread/INFO] [mixin/]: Renaming synthetic method lambda$onInit$0(Lnet/minecraft/client/gui/components/Button;)V to mdfd44ee$lambda$onInit$0$2 in mixins/common/nochatreports.mixins.json:client.MixinJoinMultiplayerScreen from mod (unknown)
[03Sep2025 15:29:33.209] [Render thread/INFO] [mixin/]: Mixing client.MixinChatListener from mixins/common/nochatreports.mixins.json into net.minecraft.client.multiplayer.chat.ChatListener
[03Sep2025 15:29:33.319] [Render thread/INFO] [de.keksuccino.fancymenu.customization.layer.ScreenCustomizationLayerHandler/]: [FANCYMENU] Minecraft resource reload: STARTING
[03Sep2025 15:29:33.324] [Render thread/INFO] [net.minecraft.server.packs.resources.ReloadableResourceManager/]: Reloading ResourceManager: vanilla, mod_resources, fabric, file/Recursos Para o Tema.zip, __MoreMcmeta Internal__
[03Sep2025 15:29:33.431] [Worker-ResourceReload-16/INFO] [com.syco.deepslatetweaks.DeepslateTweaks/]: DEEPSLATE TWEAKS!
[03Sep2025 15:29:33.431] [Worker-ResourceReload-13/INFO] [com.gmail.picono435.changeitemsdurability.ChangeItemsDurability/]: The durability of the item minecraft:shield has been changed to 256
[03Sep2025 15:29:33.432] [Worker-ResourceReload-13/ERROR] [com.gmail.picono435.changeitemsdurability.ChangeItemsDurability/]: Loading thingies
[03Sep2025 15:29:33.680] [Worker-ResourceReload-9/INFO] [net.minecraft.client.gui.font.providers.UnihexProvider/]: Found unifont_all_no_pua-15.0.06.hex, loading
[03Sep2025 15:29:33.770] [Forge Version Check/INFO] [net.minecraftforge.fml.VersionChecker/]: [saturn] Starting version check at https://github.com/AbdElAziz333/Saturn/raw/mc1.20.1/dev/updates.json
[03Sep2025 15:29:33.944] [Worker-ResourceReload-15/INFO] [me.steinborn.krypton.mod.shared.Krypton/]: Compression will use Java, encryption will use Java
[03Sep2025 15:29:33.991] [Worker-ResourceReload-13/INFO] [CITResewn/]: [citresewn] Parsing CITs...
[03Sep2025 15:29:34.054] [Render thread/INFO] [net.minecraft.client.gui.screens.LoadingOverlay/]: [DRIPPY LOADING SCREEN] Initializing fonts for text rendering..
[03Sep2025 15:29:34.113] [Render thread/INFO] [de.keksuccino.fancymenu.customization.layer.ScreenCustomizationLayerHandler/]: [FANCYMENU] ScreenCustomizationLayer registered: drippy_loading_overlay
[03Sep2025 15:29:34.136] [Worker-ResourceReload-13/INFO] [CITResewn/]: [citresewn] No cit packs found.
[03Sep2025 15:29:34.669] [Render thread/INFO] [de.keksuccino.fancymenu.FancyMenu/]: [FANCYMENU] Starting late client initialization phase..
[03Sep2025 15:29:34.762] [Worker-Main-3/INFO] [net.minecraft.client.gui.font.providers.UnihexProvider/]: Found unifont_all_no_pua-15.0.06.hex, loading
[03Sep2025 15:29:34.834] [Worker-ResourceReload-13/WARN] [Embeddium-MixinTaintDetector/]: Mod(s) [moremcmeta] are modifying Embeddium class me.jellysquid.mods.sodium.client.render.texture.SpriteUtil, which may cause instability.
[03Sep2025 15:29:34.873] [Forge Version Check/WARN] [net.minecraftforge.fml.VersionChecker/]: Failed to process update information
com.google.gson.JsonSyntaxException: java.lang.IllegalStateException: Expected BEGIN_OBJECT but was STRING at line 9 column 1 path $
	at com.google.gson.Gson.fromJson(Gson.java:1226) ~[gson-2.10.jar%23100!/:?]
	at com.google.gson.Gson.fromJson(Gson.java:1124) ~[gson-2.10.jar%23100!/:?]
	at com.google.gson.Gson.fromJson(Gson.java:1034) ~[gson-2.10.jar%23100!/:?]
	at com.google.gson.Gson.fromJson(Gson.java:969) ~[gson-2.10.jar%23100!/:?]
	at net.minecraftforge.fml.VersionChecker$1.process(VersionChecker.java:186) ~[fmlcore-1.20.1-47.4.0.jar%23279!/:?]
	at java.lang.Iterable.forEach(Iterable.java:75) ~[?:?]
	at net.minecraftforge.fml.VersionChecker$1.run(VersionChecker.java:117) ~[fmlcore-1.20.1-47.4.0.jar%23279!/:?]
Caused by: java.lang.IllegalStateException: Expected BEGIN_OBJECT but was STRING at line 9 column 1 path $
	at com.google.gson.stream.JsonReader.beginObject(JsonReader.java:393) ~[gson-2.10.jar%23100!/:?]
	at com.google.gson.internal.bind.MapTypeAdapterFactory$Adapter.read(MapTypeAdapterFactory.java:182) ~[gson-2.10.jar%23100!/:?]
	at com.google.gson.internal.bind.MapTypeAdapterFactory$Adapter.read(MapTypeAdapterFactory.java:144) ~[gson-2.10.jar%23100!/:?]
	at com.google.gson.Gson.fromJson(Gson.java:1214) ~[gson-2.10.jar%23100!/:?]
	... 6 more
[03Sep2025 15:29:34.876] [Forge Version Check/INFO] [net.minecraftforge.fml.VersionChecker/]: [moremcmeta_emissive_plugin] Starting version check at https://moremcmeta.github.io/update/emissive.json
[03Sep2025 15:29:35.090] [Forge Version Check/INFO] [net.minecraftforge.fml.VersionChecker/]: [moremcmeta_emissive_plugin] Found status: UP_TO_DATE Current: 1.20.1-2.0.4 Target: null
[03Sep2025 15:29:35.099] [Forge Version Check/INFO] [net.minecraftforge.fml.VersionChecker/]: [leavesbegone] Starting version check at https://raw.githubusercontent.com/Fuzss/modresources/main/update/leavesbegone.json
[03Sep2025 15:29:35.164] [Forge Version Check/INFO] [net.minecraftforge.fml.VersionChecker/]: [leavesbegone] Found status: UP_TO_DATE Current: 8.0.0 Target: null
[03Sep2025 15:29:35.164] [Forge Version Check/INFO] [net.minecraftforge.fml.VersionChecker/]: [moremcmeta] Starting version check at https://moremcmeta.github.io/update/core.json
[03Sep2025 15:29:35.320] [Forge Version Check/INFO] [net.minecraftforge.fml.VersionChecker/]: [moremcmeta] Found status: AHEAD Current: 1.20.1-4.5.2 Target: null
[03Sep2025 15:29:35.320] [Forge Version Check/INFO] [net.minecraftforge.fml.VersionChecker/]: [clumps] Starting version check at https://updates.blamejared.com/get?n=clumps&gv=1.20.1
[03Sep2025 15:29:35.733] [Worker-ResourceReload-11/INFO] [xaero.minimap.XaeroMinimap/]: Loading Xaero's Minimap - Stage 1/2
[03Sep2025 15:29:35.733] [Worker-ResourceReload-14/INFO] [xaero.map.WorldMap/]: Loading Xaero's World Map - Stage 1/2
[03Sep2025 15:29:35.752] [Render thread/INFO] [BetterClouds/]: [BetterClouds] YACL: initializing compat
[03Sep2025 15:29:35.895] [Render thread/INFO] [BetterClouds/]: [BetterClouds] DistantHorizons: not loaded
[03Sep2025 15:29:35.902] [Render thread/INFO] [BetterClouds/]: [BetterClouds] Iris: not loaded
[03Sep2025 15:29:35.924] [Render thread/INFO] [BetterClouds/]: [BetterClouds] SereneSeasons: not loaded
[03Sep2025 15:29:35.932] [Render thread/INFO] [BetterClouds/]: [BetterClouds] FabricSeasons: not loaded
[03Sep2025 15:29:35.939] [Render thread/INFO] [BetterClouds/]: [BetterClouds] EnhancedCelestials: not loaded
[03Sep2025 15:29:36.131] [Forge Version Check/INFO] [net.minecraftforge.fml.VersionChecker/]: [clumps] Found status: BETA Current: 12.0.0.4 Target: 12.0.0.4
[03Sep2025 15:29:36.131] [Forge Version Check/INFO] [net.minecraftforge.fml.VersionChecker/]: [crafttweaker] Starting version check at https://updates.blamejared.com/get?n=crafttweaker&gv=1.20.1
[03Sep2025 15:29:36.372] [Forge Version Check/INFO] [net.minecraftforge.fml.VersionChecker/]: [crafttweaker] Found status: BETA Current: 14.0.59 Target: 14.0.59
[03Sep2025 15:29:36.372] [Forge Version Check/INFO] [net.minecraftforge.fml.VersionChecker/]: [puzzlesaccessapi] Starting version check at https://raw.githubusercontent.com/Fuzss/modresources/main/update/puzzlesaccessapi.json
[03Sep2025 15:29:36.391] [Forge Version Check/INFO] [net.minecraftforge.fml.VersionChecker/]: [puzzlesaccessapi] Found status: BETA Current: 20.1.1 Target: null
[03Sep2025 15:29:36.391] [Forge Version Check/INFO] [net.minecraftforge.fml.VersionChecker/]: [forge] Starting version check at https://files.minecraftforge.net/net/minecraftforge/forge/promotions_slim.json
[03Sep2025 15:29:36.666] [Forge Version Check/INFO] [net.minecraftforge.fml.VersionChecker/]: [forge] Found status: UP_TO_DATE Current: 47.4.0 Target: null
[03Sep2025 15:29:36.666] [Forge Version Check/INFO] [net.minecraftforge.fml.VersionChecker/]: [canary] Starting version check at https://github.com/AbdElAziz333/Canary/raw/mc1.19.2/dev/updates.json
[03Sep2025 15:29:36.704] [Forge Version Check/INFO] [net.minecraftforge.fml.VersionChecker/]: [canary] Found status: UP_TO_DATE Current: 0.3.3 Target: null
[03Sep2025 15:29:36.704] [Forge Version Check/INFO] [net.minecraftforge.fml.VersionChecker/]: [embeddium_extra] Starting version check at https://api.modrinth.com/updates/rubidium-extra/forge_updates.json
[03Sep2025 15:29:37.049] [Forge Version Check/INFO] [net.minecraftforge.fml.VersionChecker/]: [embeddium_extra] Found status: UP_TO_DATE Current: 0.5.4.4+mc1.20.1-build.131 Target: null
[03Sep2025 15:29:37.049] [Forge Version Check/INFO] [net.minecraftforge.fml.VersionChecker/]: [puzzleslib] Starting version check at https://raw.githubusercontent.com/Fuzss/modresources/main/update/puzzleslib.json
[03Sep2025 15:29:37.069] [Forge Version Check/INFO] [net.minecraftforge.fml.VersionChecker/]: [puzzleslib] Found status: UP_TO_DATE Current: 8.1.33 Target: null
[03Sep2025 15:29:39.475] [Worker-ResourceReload-0/INFO] [de.keksuccino.konkrete.Konkrete/]: [KONKRETE] Client-side libs ready to use!
[03Sep2025 15:29:39.490] [Render thread/INFO] [xaero.map.WorldMap/]: Loading Xaero's World Map - Stage 2/2
[03Sep2025 15:29:39.492] [Render thread/INFO] [xaero.map.WorldMap/]: New world map region cache hash code: 1304932790
[03Sep2025 15:29:39.493] [Render thread/INFO] [xaero.map.WorldMap/]: Registered player tracker system: map_synced
[03Sep2025 15:29:39.496] [Render thread/INFO] [xaero.map.WorldMap/]: Xaero's WorldMap Mod: Xaero's minimap found!
[03Sep2025 15:29:39.500] [Render thread/INFO] [xaero.map.WorldMap/]: Registered player tracker system: minimap_synced
[03Sep2025 15:29:39.500] [Render thread/INFO] [xaero.map.WorldMap/]: No Optifine!
[03Sep2025 15:29:39.500] [Render thread/INFO] [xaero.map.WorldMap/]: Xaero's World Map: No Vivecraft!
[03Sep2025 15:29:39.500] [Render thread/INFO] [xaero.map.WorldMap/]: Xaero's World Map: Iris found!
[03Sep2025 15:29:39.510] [Render thread/INFO] [xaero.minimap.XaeroMinimap/]: Loading Xaero's Minimap - Stage 2/2
[03Sep2025 15:29:39.619] [Render thread/INFO] [xaero.hud.minimap.MinimapLogs/]: Registered player tracker system: minimap_synced
[03Sep2025 15:29:39.619] [Render thread/INFO] [xaero.hud.minimap.MinimapLogs/]: Xaero's Minimap: World Map found!
[03Sep2025 15:29:39.619] [Render thread/INFO] [xaero.hud.minimap.MinimapLogs/]: No Optifine!
[03Sep2025 15:29:39.619] [Render thread/INFO] [xaero.hud.minimap.MinimapLogs/]: Xaero's Minimap: No Vivecraft!
[03Sep2025 15:29:39.619] [Render thread/INFO] [xaero.hud.minimap.MinimapLogs/]: Xaero's Minimap: Iris found!
[03Sep2025 15:29:39.776] [Render thread/INFO] [net.minecraft.client.Options/]: Added resource packs: [vanilla, mod_resources, fabric, file/Recursos Para o Tema.zip]
[03Sep2025 15:29:39.894] [Render thread/WARN] [net.minecraft.client.sounds.SoundEngine/]: Missing sound for event: minecraft:item.goat_horn.play
[03Sep2025 15:29:39.894] [Render thread/WARN] [net.minecraft.client.sounds.SoundEngine/]: Missing sound for event: minecraft:entity.goat.screaming.horn_break
[03Sep2025 15:29:39.960] [Render thread/INFO] [com.mojang.blaze3d.audio.Library/]: OpenAL initialized on device OpenAL Soft on Alto-falantes (Realtek(R) Audio)
[03Sep2025 15:29:39.962] [Render thread/INFO] [net.minecraft.client.sounds.SoundEngine/SOUNDS]: Sound engine started
[03Sep2025 15:29:39.964] [Render thread/INFO] [net.minecraft.client.sounds.SoundEngine/]: [FANCYMENU] Reloading AudioResourceHandler after Minecraft SoundEngine reload..
[03Sep2025 15:29:40.045] [Render thread/INFO] [net.minecraft.client.renderer.texture.TextureAtlas/]: Created: 1024x512x1 minecraft:textures/atlas/blocks.png-atlas
[03Sep2025 15:29:40.075] [Render thread/INFO] [net.minecraft.client.renderer.texture.TextureAtlas/]: Created: 256x256x1 minecraft:textures/atlas/signs.png-atlas
[03Sep2025 15:29:40.075] [Render thread/INFO] [net.minecraft.client.renderer.texture.TextureAtlas/]: Created: 512x512x1 minecraft:textures/atlas/banner_patterns.png-atlas
[03Sep2025 15:29:40.076] [Render thread/INFO] [net.minecraft.client.renderer.texture.TextureAtlas/]: Created: 512x512x1 minecraft:textures/atlas/shield_patterns.png-atlas
[03Sep2025 15:29:40.076] [Render thread/INFO] [net.minecraft.client.renderer.texture.TextureAtlas/]: Created: 1024x1024x1 minecraft:textures/atlas/armor_trims.png-atlas
[03Sep2025 15:29:40.079] [Render thread/INFO] [net.minecraft.client.renderer.texture.TextureAtlas/]: Created: 256x256x1 minecraft:textures/atlas/chest.png-atlas
[03Sep2025 15:29:40.080] [Render thread/INFO] [net.minecraft.client.renderer.texture.TextureAtlas/]: Created: 128x64x1 minecraft:textures/atlas/decorated_pot.png-atlas
[03Sep2025 15:29:40.080] [Render thread/INFO] [net.minecraft.client.renderer.texture.TextureAtlas/]: Created: 512x256x1 minecraft:textures/atlas/beds.png-atlas
[03Sep2025 15:29:40.080] [Render thread/INFO] [net.minecraft.client.renderer.texture.TextureAtlas/]: Created: 512x256x1 minecraft:textures/atlas/shulker_boxes.png-atlas
[03Sep2025 15:29:40.702] [Render thread/WARN] [net.minecraft.client.renderer.ShaderInstance/]: Shader rendertype_entity_translucent_emissive could not find sampler named Sampler2 in the specified shader program.
[03Sep2025 15:29:40.782] [Render thread/INFO] [BetterClouds/]: [BetterClouds] Reloading cloud renderer...
[03Sep2025 15:29:40.896] [Render thread/INFO] [BetterClouds/]: [BetterClouds] Framebuffer complete. useStencilTextureFallback=false, useDepthWriteFallback=false
[03Sep2025 15:29:40.898] [Render thread/INFO] [BetterClouds/]: [BetterClouds] Cloud renderer initialized
[03Sep2025 15:29:40.898] [Render thread/INFO] [net.minecraft.client.renderer.texture.TextureAtlas/]: Created: 512x256x0 minecraft:textures/atlas/particles.png-atlas
[03Sep2025 15:29:40.900] [Render thread/INFO] [net.minecraft.client.renderer.texture.TextureAtlas/]: Created: 256x256x0 minecraft:textures/atlas/paintings.png-atlas
[03Sep2025 15:29:40.901] [Render thread/INFO] [net.minecraft.client.renderer.texture.TextureAtlas/]: Created: 256x128x0 minecraft:textures/atlas/mob_effects.png-atlas
[03Sep2025 15:29:40.922] [Render thread/INFO] [net.minecraft.client.renderer.texture.TextureAtlas/]: Created: 256x256x0 jei:textures/atlas/gui.png-atlas
[03Sep2025 15:29:40.932] [Render thread/INFO] [XaeroPlus/]: Reloaded Shaders
[03Sep2025 15:29:40.935] [Render thread/INFO] [xaero.map.WorldMap/]: Successfully reloaded the world map shaders!
[03Sep2025 15:29:40.942] [Render thread/INFO] [xaero.hud.minimap.MinimapLogs/]: Successfully reloaded the minimap shaders!
[03Sep2025 15:29:40.946] [Render thread/INFO] [de.keksuccino.fancymenu.util.resource.ResourceHandlers/]: [FANCYMENU] Reloading resources..
[03Sep2025 15:29:40.953] [Render thread/INFO] [de.keksuccino.fancymenu.util.resource.preload.ResourcePreLoader/]: [FANCYMENU] Pre-loading resources..
[03Sep2025 15:29:41.330] [Render thread/INFO] [Entity Texture Features/]: [ETF]: reloading ETF data.
[03Sep2025 15:29:41.336] [Render thread/INFO] [Entity Texture Features/]: [ETF]: emissive suffixes loaded: {_e}
[03Sep2025 15:29:41.338] [Render thread/INFO] [Entity Texture Features/]: [ETF]: emissive suffixes loaded: {_e}
[03Sep2025 15:29:41.340] [Render thread/INFO] [de.keksuccino.fancymenu.customization.layer.ScreenCustomizationLayerHandler/]: [FANCYMENU] Minecraft resource reload: FINISHED
[03Sep2025 15:29:42.343] [Render thread/INFO] [MCEF/]: Initializing CEF on windows_amd64...
[03Sep2025 15:29:42.394] [Render thread/INFO] [STDOUT/]: [org.cef.CefApp:initialize:361]: initialize on Thread[Render thread,10,main] with library path C:\Users\junio\AppData\Roaming\.minecraft-plus\Game\instances\1.20.1 Classic Vanilla+\minecraft\mods\mcef-libraries\windows_amd64
[03Sep2025 15:29:42.432] [Render thread/INFO] [MCEF/]: Chromium Embedded Framework initialized
[03Sep2025 15:29:42.434] [Render thread/INFO] [com.cupboard.Cupboard/]: Loaded config for: smoothchunk.json
[03Sep2025 15:29:42.434] [Render thread/INFO] [de.keksuccino.fancymenu.customization.layer.ScreenCustomizationLayerHandler/]: [FANCYMENU] ScreenCustomizationLayer registered: title_screen
[03Sep2025 15:29:42.444] [Render thread/INFO] [Oculus/]: Creating pipeline for dimension NamespacedId{namespace='minecraft', name='overworld'}
[03Sep2025 15:29:42.489] [Render thread/INFO] [Oculus/]: Starting custom uniform resolving
[03Sep2025 15:29:42.527] [Render thread/WARN] [Oculus/]: Failed to resolve uniform inPaleGarden, reason: Unknown variable: BIOME_PALE_GARDEN ( = FunctionCall{smooth {[Number{54}, FunctionCall{if {[FunctionCall{in {[Id{biome}, Id{BIOME_PALE_GARDEN}]} }, Number{1}, Number{0}]} }, Number{15}, Number{15}]} })
java.lang.RuntimeException: Unknown variable: BIOME_PALE_GARDEN
	at kroppeb.stareval.resolver.ExpressionResolver.resolveExpressionInternal(ExpressionResolver.java:220) ~[GRAPHICS%20-%20Oculus%201.8.0%20(Iris%201.6.15)%20---%20EDITADO.jar%23239!/:?]
	at kroppeb.stareval.resolver.ExpressionResolver.resolveCallExpressionInternal(ExpressionResolver.java:81) ~[GRAPHICS%20-%20Oculus%201.8.0%20(Iris%201.6.15)%20---%20EDITADO.jar%23239!/:?]
	at kroppeb.stareval.resolver.ExpressionResolver.resolveCallExpression(ExpressionResolver.java:140) ~[GRAPHICS%20-%20Oculus%201.8.0%20(Iris%201.6.15)%20---%20EDITADO.jar%23239!/:?]
	at kroppeb.stareval.resolver.ExpressionResolver.resolveExpressionInternal(ExpressionResolver.java:194) ~[GRAPHICS%20-%20Oculus%201.8.0%20(Iris%201.6.15)%20---%20EDITADO.jar%23239!/:?]
	at kroppeb.stareval.resolver.ExpressionResolver.resolveCallExpressionInternal(ExpressionResolver.java:81) ~[GRAPHICS%20-%20Oculus%201.8.0%20(Iris%201.6.15)%20---%20EDITADO.jar%23239!/:?]
	at kroppeb.stareval.resolver.ExpressionResolver.resolveCallExpression(ExpressionResolver.java:140) ~[GRAPHICS%20-%20Oculus%201.8.0%20(Iris%201.6.15)%20---%20EDITADO.jar%23239!/:?]
	at kroppeb.stareval.resolver.ExpressionResolver.resolveCallExpression(ExpressionResolver.java:127) ~[GRAPHICS%20-%20Oculus%201.8.0%20(Iris%201.6.15)%20---%20EDITADO.jar%23239!/:?]
	at kroppeb.stareval.resolver.ExpressionResolver.resolveExpressionInternal(ExpressionResolver.java:194) ~[GRAPHICS%20-%20Oculus%201.8.0%20(Iris%201.6.15)%20---%20EDITADO.jar%23239!/:?]
	at kroppeb.stareval.resolver.ExpressionResolver.resolveCallExpressionInternal(ExpressionResolver.java:81) ~[GRAPHICS%20-%20Oculus%201.8.0%20(Iris%201.6.15)%20---%20EDITADO.jar%23239!/:?]
	at kroppeb.stareval.resolver.ExpressionResolver.resolveCallExpression(ExpressionResolver.java:140) ~[GRAPHICS%20-%20Oculus%201.8.0%20(Iris%201.6.15)%20---%20EDITADO.jar%23239!/:?]
	at kroppeb.stareval.resolver.ExpressionResolver.resolveExpressionInternal(ExpressionResolver.java:194) ~[GRAPHICS%20-%20Oculus%201.8.0%20(Iris%201.6.15)%20---%20EDITADO.jar%23239!/:?]
	at kroppeb.stareval.resolver.ExpressionResolver.resolveExpression(ExpressionResolver.java:50) ~[GRAPHICS%20-%20Oculus%201.8.0%20(Iris%201.6.15)%20---%20EDITADO.jar%23239!/:?]
	at net.irisshaders.iris.uniforms.custom.CustomUniforms.<init>(CustomUniforms.java:62) ~[GRAPHICS%20-%20Oculus%201.8.0%20(Iris%201.6.15)%20---%20EDITADO.jar%23239!/:?]
	at net.irisshaders.iris.uniforms.custom.CustomUniforms$Builder.build(CustomUniforms.java:334) ~[GRAPHICS%20-%20Oculus%201.8.0%20(Iris%201.6.15)%20---%20EDITADO.jar%23239!/:?]
	at net.irisshaders.iris.uniforms.custom.CustomUniforms$Builder.build(CustomUniforms.java:345) ~[GRAPHICS%20-%20Oculus%201.8.0%20(Iris%201.6.15)%20---%20EDITADO.jar%23239!/:?]
	at net.irisshaders.iris.pipeline.IrisRenderingPipeline.<init>(IrisRenderingPipeline.java:263) ~[GRAPHICS%20-%20Oculus%201.8.0%20(Iris%201.6.15)%20---%20EDITADO.jar%23239!/:?]
	at net.irisshaders.iris.Iris.createPipeline(Iris.java:623) ~[GRAPHICS%20-%20Oculus%201.8.0%20(Iris%201.6.15)%20---%20EDITADO.jar%23239!/:?]
	at net.irisshaders.iris.pipeline.PipelineManager.preparePipeline(PipelineManager.java:33) ~[GRAPHICS%20-%20Oculus%201.8.0%20(Iris%201.6.15)%20---%20EDITADO.jar%23239!/:?]
	at net.irisshaders.iris.Iris.onLoadingComplete(Iris.java:181) ~[GRAPHICS%20-%20Oculus%201.8.0%20(Iris%201.6.15)%20---%20EDITADO.jar%23239!/:?]
	at net.minecraft.client.gui.screens.TitleScreen.handler$beg000$iris$firstInit(TitleScreen.java:523) ~[client-1.20.1-20230612.114412-srg.jar%23278!/:?]
	at net.minecraft.client.gui.screens.TitleScreen.m_7856_(TitleScreen.java:155) ~[client-1.20.1-20230612.114412-srg.jar%23278!/:?]
	at net.minecraft.client.gui.screens.Screen.m_6575_(Screen.java:321) ~[client-1.20.1-20230612.114412-srg.jar%23278!/:?]
	at net.minecraft.client.Minecraft.m_91152_(Minecraft.java:1007) ~[client-1.20.1-20230612.114412-srg.jar%23278!/:?]
	at net.minecraft.client.Minecraft.m_278684_(Minecraft.java:603) ~[client-1.20.1-20230612.114412-srg.jar%23278!/:?]
	at net.minecraft.client.Minecraft.lambda$new$4(Minecraft.java:583) ~[client-1.20.1-20230612.114412-srg.jar%23278!/:?]
	at net.minecraft.Util.m_137521_(Util.java:421) ~[client-1.20.1-20230612.114412-srg.jar%23278!/:?]
	at net.minecraft.client.Minecraft.lambda$new$5(Minecraft.java:564) ~[client-1.20.1-20230612.114412-srg.jar%23278!/:?]
	at net.minecraft.client.gui.screens.LoadingOverlay.m_88315_(LoadingOverlay.java:138) ~[client-1.20.1-20230612.114412-srg.jar%23278!/:?]
	at net.minecraftforge.client.loading.ForgeLoadingOverlay.handler$cfp000$drippyloadingscreen$cancelForgeCustomLoadingOverlayRenderingDrippy(ForgeLoadingOverlay.java:527) ~[forge-1.20.1-47.4.0-universal.jar%23283!/:?]
	at net.minecraftforge.client.loading.ForgeLoadingOverlay.m_88315_(ForgeLoadingOverlay.java) ~[forge-1.20.1-47.4.0-universal.jar%23283!/:?]
	at net.minecraft.client.renderer.GameRenderer.m_109093_(GameRenderer.java:954) ~[client-1.20.1-20230612.114412-srg.jar%23278!/:?]
	at net.minecraft.client.Minecraft.m_91383_(Minecraft.java:1146) ~[client-1.20.1-20230612.114412-srg.jar%23278!/:?]
	at net.minecraft.client.Minecraft.m_91374_(Minecraft.java:718) ~[client-1.20.1-20230612.114412-srg.jar%23278!/:?]
	at net.minecraft.client.main.Main.main(Main.java:218) ~[minecraft-1.20.1-client.jar:?]
	at jdk.internal.reflect.NativeMethodAccessorImpl.invoke0(Native Method) ~[?:?]
	at jdk.internal.reflect.NativeMethodAccessorImpl.invoke(NativeMethodAccessorImpl.java:77) ~[?:?]
	at jdk.internal.reflect.DelegatingMethodAccessorImpl.invoke(DelegatingMethodAccessorImpl.java:43) ~[?:?]
	at java.lang.reflect.Method.invoke(Method.java:568) ~[?:?]
	at net.minecraftforge.fml.loading.targets.CommonLaunchHandler.runTarget(CommonLaunchHandler.java:111) ~[fmlloader-1.20.1-47.4.0.jar:?]
	at net.minecraftforge.fml.loading.targets.CommonLaunchHandler.clientService(CommonLaunchHandler.java:99) ~[fmlloader-1.20.1-47.4.0.jar:?]
	at net.minecraftforge.fml.loading.targets.CommonClientLaunchHandler.lambda$makeService$0(CommonClientLaunchHandler.java:25) ~[fmlloader-1.20.1-47.4.0.jar:?]
	at cpw.mods.modlauncher.LaunchServiceHandlerDecorator.launch(LaunchServiceHandlerDecorator.java:30) ~[modlauncher-10.0.9.jar:?]
	at cpw.mods.modlauncher.LaunchServiceHandler.launch(LaunchServiceHandler.java:53) ~[modlauncher-10.0.9.jar:?]
	at cpw.mods.modlauncher.LaunchServiceHandler.launch(LaunchServiceHandler.java:71) ~[modlauncher-10.0.9.jar:?]
	at cpw.mods.modlauncher.Launcher.run(Launcher.java:108) ~[modlauncher-10.0.9.jar:?]
	at cpw.mods.modlauncher.Launcher.main(Launcher.java:78) ~[modlauncher-10.0.9.jar:?]
	at cpw.mods.modlauncher.BootstrapLaunchConsumer.accept(BootstrapLaunchConsumer.java:26) ~[modlauncher-10.0.9.jar:?]
	at cpw.mods.modlauncher.BootstrapLaunchConsumer.accept(BootstrapLaunchConsumer.java:23) ~[modlauncher-10.0.9.jar:?]
	at cpw.mods.bootstraplauncher.BootstrapLauncher.main(BootstrapLauncher.java:141) ~[bootstraplauncher-1.1.2.jar:?]
	at jdk.internal.reflect.NativeMethodAccessorImpl.invoke0(Native Method) ~[?:?]
	at jdk.internal.reflect.NativeMethodAccessorImpl.invoke(NativeMethodAccessorImpl.java:77) ~[?:?]
	at jdk.internal.reflect.DelegatingMethodAccessorImpl.invoke(DelegatingMethodAccessorImpl.java:43) ~[?:?]
	at java.lang.reflect.Method.invoke(Method.java:568) ~[?:?]
	at io.github.zekerzhayard.forgewrapper.installer.Main.main(Main.java:69) ~[?:?]
	at org.prismlauncher.launcher.impl.StandardLauncher.launch(StandardLauncher.java:102) ~[?:?]
	at org.prismlauncher.EntryPoint.listen(EntryPoint.java:129) ~[?:?]
	at org.prismlauncher.EntryPoint.main(EntryPoint.java:70) ~[?:?]
[03Sep2025 15:29:43.019] [Realms Notification Availability checker #1/INFO] [com.mojang.realmsclient.client.RealmsClient/]: Could not authorize you against Realms server: java.lang.RuntimeException: Failed to parse into SignedJWT: 0
[03Sep2025 15:29:44.952] [Render thread/WARN] [Oculus/]: Error while parsing the block ID map entry for "block.10104":
[03Sep2025 15:29:44.952] [Render thread/WARN] [Oculus/]: - The block minecraft:stone_slab has no property with the name variant, ignoring!
[03Sep2025 15:29:45.048] [Render thread/WARN] [Embeddium-MixinTaintDetector/]: Mod(s) [oculus] are modifying Embeddium class me.jellysquid.mods.sodium.client.gl.device.GLRenderDevice$ImmediateDrawCommandList, which may cause instability.
[03Sep2025 15:29:45.223] [Render thread/INFO] [de.keksuccino.fancymenu.util.mcef.ActionBridge/]: [FANCYMENU] Initializing ActionBridge message router
[03Sep2025 15:29:45.230] [Render thread/INFO] [de.keksuccino.fancymenu.util.mcef.ActionBridge/]: [FANCYMENU] ActionBridge message router initialized successfully
[03Sep2025 15:29:45.232] [Render thread/INFO] [de.keksuccino.fancymenu.util.mcef.BrowserHandler/]: [FANCYMENU] BrowserHandler successfully initialized!
[03Sep2025 15:29:45.237] [Render thread/INFO] [de.keksuccino.fancymenu.util.rendering.video.mcef.MCEFVideoManager/]: [FANCYMENU] MCEFVideoManager: Successfully extracted video player web resources
[03Sep2025 15:29:45.237] [Render thread/INFO] [de.keksuccino.fancymenu.util.rendering.video.mcef.MCEFVideoManager/]: [FANCYMENU] MCEFVideoManager successfully initialized!
[03Sep2025 15:29:45.436] [Render thread/WARN] [Embeddium-MixinTaintDetector/]: Mod(s) [oculus, embeddium_extra] are modifying Embeddium class me.jellysquid.mods.sodium.client.render.vertex.serializers.VertexSerializerRegistryImpl, which may cause instability.
[03Sep2025 15:29:45.525] [Render thread/WARN] [ModernFix/]: Game took 46.359 seconds to start
[03Sep2025 15:30:16.059] [Render thread/INFO] [de.keksuccino.fancymenu.customization.layer.ScreenCustomizationLayerHandler/]: [FANCYMENU] ScreenCustomizationLayer registered: select_world_screen
[03Sep2025 15:30:16.650] [Render thread/INFO] [de.keksuccino.fancymenu.customization.layer.ScreenCustomizationLayerHandler/]: [FANCYMENU] ScreenCustomizationLayer registered: generic_dirt_message_screen
[03Sep2025 15:30:18.739] [Render thread/INFO] [net.minecraft.world.item.crafting.RecipeManager/]: Loaded 7 recipes
[03Sep2025 15:30:18.862] [Render thread/INFO] [net.minecraft.advancements.AdvancementList/]: Loaded 1272 advancements
[03Sep2025 15:30:18.887] [Render thread/INFO] [top.theillusivec4.curios.Curios/]: Loaded 10 curio slots
[03Sep2025 15:30:18.897] [Render thread/INFO] [top.theillusivec4.curios.Curios/]: Loaded 1 curio entities
[03Sep2025 15:30:19.377] [Render thread/INFO] [mixin/]: Mixing common.MixinServerStatus from mixins/common/nochatreports.mixins.json into net.minecraft.network.protocol.status.ServerStatus
[03Sep2025 15:30:19.628] [Render thread/WARN] [ModernFix/]: Initial datapack load took 2.822 s
[03Sep2025 15:30:19.641] [Render thread/INFO] [de.keksuccino.fancymenu.customization.layer.ScreenCustomizationLayerHandler/]: [FANCYMENU] ScreenCustomizationLayer registered: progress_screen
[03Sep2025 15:30:19.652] [Render thread/INFO] [Entity Texture Features/]: [ETF]: emissive suffixes loaded: {_e}
[03Sep2025 15:30:19.877] [Server thread/INFO] [net.minecraft.client.server.IntegratedServer/]: Starting integrated minecraft server version 1.20.1
[03Sep2025 15:30:19.878] [Server thread/INFO] [net.minecraft.server.MinecraftServer/]: Generating keypair
[03Sep2025 15:30:19.937] [Server thread/INFO] [Puzzles Lib/]: Loading server config for leavesbegone
[03Sep2025 15:30:20.060] [Render thread/INFO] [de.keksuccino.fancymenu.customization.layer.ScreenCustomizationLayerHandler/]: [FANCYMENU] ScreenCustomizationLayer registered: level_loading_screen
[03Sep2025 15:30:20.544] [Server thread/INFO] [net.minecraft.server.MinecraftServer/]: Preparing start region for dimension minecraft:overworld
[03Sep2025 15:30:20.546] [Server thread/WARN] [mixin/]: Method overwrite conflict for removeIf in canary.mixins.json:world.chunk_tickets.SortedArraySetMixin from mod canary, previously written by org.embeddedt.modernfix.common.mixin.bugfix.paper_chunk_patches.SortedArraySetMixin. Skipping method.
[03Sep2025 15:30:21.695] [Render thread/INFO] [net.minecraft.server.level.progress.LoggerChunkProgressListener/]: Preparando área de nascimento: 0%
[03Sep2025 15:30:21.695] [Render thread/INFO] [net.minecraft.server.level.progress.LoggerChunkProgressListener/]: Preparando área de nascimento: 0%
[03Sep2025 15:30:21.696] [Render thread/INFO] [net.minecraft.server.level.progress.LoggerChunkProgressListener/]: Preparando área de nascimento: 0%
[03Sep2025 15:30:22.285] [Render thread/INFO] [net.minecraft.server.level.progress.LoggerChunkProgressListener/]: Time elapsed: 1727 ms
[03Sep2025 15:30:22.290] [Server thread/INFO] [net.minecraftforge.server.permission.PermissionAPI/]: Successfully initialized permission handler forge:default_handler
[03Sep2025 15:30:22.476] [Server thread/INFO] [net.minecraft.client.server.IntegratedServer/]: Changing view distance to 8, from 10
[03Sep2025 15:30:22.479] [Server thread/INFO] [net.minecraft.client.server.IntegratedServer/]: Changing simulation distance to 8, from 0
[03Sep2025 15:30:22.539] [Server thread/INFO] [STDOUT/]: [com.abdelaziz.canary.common.block.TrackedBlockStatePredicate:<clinit>:14]: Canary Cached BlockState Flags are disabled!
[03Sep2025 15:30:22.643] [Render thread/WARN] [io.netty.util.internal.SystemPropertyUtil/]: Unable to parse the boolean system property 'java.net.preferIPv6Addresses':system - using the default value: false
[03Sep2025 15:30:23.051] [Netty Local Client IO #0/INFO] [mixin/]: Mixing server.MixinServerboundChatCommandPacket from mixins/common/nochatreports.mixins.json into net.minecraft.network.protocol.game.ServerboundChatCommandPacket
[03Sep2025 15:30:23.052] [Netty Local Client IO #0/INFO] [mixin/]: Mixing server.MixinServerboundChatPacket from mixins/common/nochatreports.mixins.json into net.minecraft.network.protocol.game.ServerboundChatPacket
[03Sep2025 15:30:23.053] [Netty Local Client IO #0/INFO] [mixin/]: Mixing server.MixinServerboundChatSessionUpdatePacket from mixins/common/nochatreports.mixins.json into net.minecraft.network.protocol.game.ServerboundChatSessionUpdatePacket
[03Sep2025 15:30:23.543] [Netty Local Client IO #0/INFO] [net.minecraftforge.network.NetworkHooks/]: Connected to a modded server.
[03Sep2025 15:30:23.620] [Server thread/INFO] [net.minecraft.server.players.PlayerList/]: marcos4503[local:E:24fa7841] logged in with entity id 173 at (480.12831085374063, 82.0, -302.7141211094868)
[03Sep2025 15:30:23.730] [Server thread/INFO] [net.minecraft.server.MinecraftServer/]: marcos4503 entrou no jogo
[03Sep2025 15:30:23.872] [Render thread/INFO] [xaero.map.WorldMap/]: New world map session initialized!
[03Sep2025 15:30:24.019] [Render thread/INFO] [xaero.hud.minimap.MinimapLogs/]: New Xaero hud session initialized!
[03Sep2025 15:30:24.110] [Render thread/INFO] [Oculus/]: Reloading pipeline on dimension change: NamespacedId{namespace='minecraft', name='overworld'} => NamespacedId{namespace='minecraft', name='overworld'}
[03Sep2025 15:30:24.112] [Render thread/INFO] [Oculus/]: Destroying pipeline NamespacedId{namespace='minecraft', name='overworld'}
[03Sep2025 15:30:24.138] [Render thread/INFO] [Oculus/]: Creating pipeline for dimension NamespacedId{namespace='minecraft', name='overworld'}
[03Sep2025 15:30:24.142] [Render thread/INFO] [Oculus/]: Starting custom uniform resolving
[03Sep2025 15:30:24.150] [Render thread/WARN] [Oculus/]: Failed to resolve uniform inPaleGarden, reason: Unknown variable: BIOME_PALE_GARDEN ( = FunctionCall{smooth {[Number{54}, FunctionCall{if {[FunctionCall{in {[Id{biome}, Id{BIOME_PALE_GARDEN}]} }, Number{1}, Number{0}]} }, Number{15}, Number{15}]} })
java.lang.RuntimeException: Unknown variable: BIOME_PALE_GARDEN
	at kroppeb.stareval.resolver.ExpressionResolver.resolveExpressionInternal(ExpressionResolver.java:220) ~[GRAPHICS%20-%20Oculus%201.8.0%20(Iris%201.6.15)%20---%20EDITADO.jar%23239!/:?]
	at kroppeb.stareval.resolver.ExpressionResolver.resolveCallExpressionInternal(ExpressionResolver.java:81) ~[GRAPHICS%20-%20Oculus%201.8.0%20(Iris%201.6.15)%20---%20EDITADO.jar%23239!/:?]
	at kroppeb.stareval.resolver.ExpressionResolver.resolveCallExpression(ExpressionResolver.java:140) ~[GRAPHICS%20-%20Oculus%201.8.0%20(Iris%201.6.15)%20---%20EDITADO.jar%23239!/:?]
	at kroppeb.stareval.resolver.ExpressionResolver.resolveExpressionInternal(ExpressionResolver.java:194) ~[GRAPHICS%20-%20Oculus%201.8.0%20(Iris%201.6.15)%20---%20EDITADO.jar%23239!/:?]
	at kroppeb.stareval.resolver.ExpressionResolver.resolveCallExpressionInternal(ExpressionResolver.java:81) ~[GRAPHICS%20-%20Oculus%201.8.0%20(Iris%201.6.15)%20---%20EDITADO.jar%23239!/:?]
	at kroppeb.stareval.resolver.ExpressionResolver.resolveCallExpression(ExpressionResolver.java:140) ~[GRAPHICS%20-%20Oculus%201.8.0%20(Iris%201.6.15)%20---%20EDITADO.jar%23239!/:?]
	at kroppeb.stareval.resolver.ExpressionResolver.resolveCallExpression(ExpressionResolver.java:127) ~[GRAPHICS%20-%20Oculus%201.8.0%20(Iris%201.6.15)%20---%20EDITADO.jar%23239!/:?]
	at kroppeb.stareval.resolver.ExpressionResolver.resolveExpressionInternal(ExpressionResolver.java:194) ~[GRAPHICS%20-%20Oculus%201.8.0%20(Iris%201.6.15)%20---%20EDITADO.jar%23239!/:?]
	at kroppeb.stareval.resolver.ExpressionResolver.resolveCallExpressionInternal(ExpressionResolver.java:81) ~[GRAPHICS%20-%20Oculus%201.8.0%20(Iris%201.6.15)%20---%20EDITADO.jar%23239!/:?]
	at kroppeb.stareval.resolver.ExpressionResolver.resolveCallExpression(ExpressionResolver.java:140) ~[GRAPHICS%20-%20Oculus%201.8.0%20(Iris%201.6.15)%20---%20EDITADO.jar%23239!/:?]
	at kroppeb.stareval.resolver.ExpressionResolver.resolveExpressionInternal(ExpressionResolver.java:194) ~[GRAPHICS%20-%20Oculus%201.8.0%20(Iris%201.6.15)%20---%20EDITADO.jar%23239!/:?]
	at kroppeb.stareval.resolver.ExpressionResolver.resolveExpression(ExpressionResolver.java:50) ~[GRAPHICS%20-%20Oculus%201.8.0%20(Iris%201.6.15)%20---%20EDITADO.jar%23239!/:?]
	at net.irisshaders.iris.uniforms.custom.CustomUniforms.<init>(CustomUniforms.java:62) ~[GRAPHICS%20-%20Oculus%201.8.0%20(Iris%201.6.15)%20---%20EDITADO.jar%23239!/:?]
	at net.irisshaders.iris.uniforms.custom.CustomUniforms$Builder.build(CustomUniforms.java:334) ~[GRAPHICS%20-%20Oculus%201.8.0%20(Iris%201.6.15)%20---%20EDITADO.jar%23239!/:?]
	at net.irisshaders.iris.uniforms.custom.CustomUniforms$Builder.build(CustomUniforms.java:345) ~[GRAPHICS%20-%20Oculus%201.8.0%20(Iris%201.6.15)%20---%20EDITADO.jar%23239!/:?]
	at net.irisshaders.iris.pipeline.IrisRenderingPipeline.<init>(IrisRenderingPipeline.java:263) ~[GRAPHICS%20-%20Oculus%201.8.0%20(Iris%201.6.15)%20---%20EDITADO.jar%23239!/:?]
	at net.irisshaders.iris.Iris.createPipeline(Iris.java:623) ~[GRAPHICS%20-%20Oculus%201.8.0%20(Iris%201.6.15)%20---%20EDITADO.jar%23239!/:?]
	at net.irisshaders.iris.pipeline.PipelineManager.preparePipeline(PipelineManager.java:33) ~[GRAPHICS%20-%20Oculus%201.8.0%20(Iris%201.6.15)%20---%20EDITADO.jar%23239!/:?]
	at net.minecraft.client.Minecraft.handler$bdk000$iris$resetPipeline(Minecraft.java:10964) ~[client-1.20.1-20230612.114412-srg.jar%23278!/:?]
	at net.minecraft.client.Minecraft.m_91324_(Minecraft.java) ~[client-1.20.1-20230612.114412-srg.jar%23278!/:?]
	at net.minecraft.client.Minecraft.m_91156_(Minecraft.java:2078) ~[client-1.20.1-20230612.114412-srg.jar%23278!/:?]
	at net.minecraft.client.multiplayer.ClientPacketListener.m_5998_(ClientPacketListener.java:404) ~[client-1.20.1-20230612.114412-srg.jar%23278!/:?]
	at net.minecraft.network.protocol.game.ClientboundLoginPacket.m_5797_(ClientboundLoginPacket.java:95) ~[client-1.20.1-20230612.114412-srg.jar%23278!/:?]
	at net.minecraft.network.protocol.game.ClientboundLoginPacket.m_5797_(ClientboundLoginPacket.java:25) ~[client-1.20.1-20230612.114412-srg.jar%23278!/:?]
	at net.minecraft.network.protocol.PacketUtils.m_263899_(PacketUtils.java:22) ~[client-1.20.1-20230612.114412-srg.jar%23278!/:?]
	at net.minecraft.util.thread.BlockableEventLoop.m_6367_(BlockableEventLoop.java:156) ~[client-1.20.1-20230612.114412-srg.jar%23278!/:?]
	at net.minecraft.util.thread.ReentrantBlockableEventLoop.m_6367_(ReentrantBlockableEventLoop.java:23) ~[client-1.20.1-20230612.114412-srg.jar%23278!/:?]
	at net.minecraft.util.thread.BlockableEventLoop.m_7245_(BlockableEventLoop.java:130) ~[client-1.20.1-20230612.114412-srg.jar%23278!/:?]
	at net.minecraft.util.thread.BlockableEventLoop.m_18699_(BlockableEventLoop.java:115) ~[client-1.20.1-20230612.114412-srg.jar%23278!/:?]
	at net.minecraft.client.Minecraft.m_91383_(Minecraft.java:1106) ~[client-1.20.1-20230612.114412-srg.jar%23278!/:?]
	at net.minecraft.client.Minecraft.m_91374_(Minecraft.java:718) ~[client-1.20.1-20230612.114412-srg.jar%23278!/:?]
	at net.minecraft.client.main.Main.main(Main.java:218) ~[minecraft-1.20.1-client.jar:?]
	at jdk.internal.reflect.NativeMethodAccessorImpl.invoke0(Native Method) ~[?:?]
	at jdk.internal.reflect.NativeMethodAccessorImpl.invoke(NativeMethodAccessorImpl.java:77) ~[?:?]
	at jdk.internal.reflect.DelegatingMethodAccessorImpl.invoke(DelegatingMethodAccessorImpl.java:43) ~[?:?]
	at java.lang.reflect.Method.invoke(Method.java:568) ~[?:?]
	at net.minecraftforge.fml.loading.targets.CommonLaunchHandler.runTarget(CommonLaunchHandler.java:111) ~[fmlloader-1.20.1-47.4.0.jar:?]
	at net.minecraftforge.fml.loading.targets.CommonLaunchHandler.clientService(CommonLaunchHandler.java:99) ~[fmlloader-1.20.1-47.4.0.jar:?]
	at net.minecraftforge.fml.loading.targets.CommonClientLaunchHandler.lambda$makeService$0(CommonClientLaunchHandler.java:25) ~[fmlloader-1.20.1-47.4.0.jar:?]
	at cpw.mods.modlauncher.LaunchServiceHandlerDecorator.launch(LaunchServiceHandlerDecorator.java:30) ~[modlauncher-10.0.9.jar:?]
	at cpw.mods.modlauncher.LaunchServiceHandler.launch(LaunchServiceHandler.java:53) ~[modlauncher-10.0.9.jar:?]
	at cpw.mods.modlauncher.LaunchServiceHandler.launch(LaunchServiceHandler.java:71) ~[modlauncher-10.0.9.jar:?]
	at cpw.mods.modlauncher.Launcher.run(Launcher.java:108) ~[modlauncher-10.0.9.jar:?]
	at cpw.mods.modlauncher.Launcher.main(Launcher.java:78) ~[modlauncher-10.0.9.jar:?]
	at cpw.mods.modlauncher.BootstrapLaunchConsumer.accept(BootstrapLaunchConsumer.java:26) ~[modlauncher-10.0.9.jar:?]
	at cpw.mods.modlauncher.BootstrapLaunchConsumer.accept(BootstrapLaunchConsumer.java:23) ~[modlauncher-10.0.9.jar:?]
	at cpw.mods.bootstraplauncher.BootstrapLauncher.main(BootstrapLauncher.java:141) ~[bootstraplauncher-1.1.2.jar:?]
	at jdk.internal.reflect.NativeMethodAccessorImpl.invoke0(Native Method) ~[?:?]
	at jdk.internal.reflect.NativeMethodAccessorImpl.invoke(NativeMethodAccessorImpl.java:77) ~[?:?]
	at jdk.internal.reflect.DelegatingMethodAccessorImpl.invoke(DelegatingMethodAccessorImpl.java:43) ~[?:?]
	at java.lang.reflect.Method.invoke(Method.java:568) ~[?:?]
	at io.github.zekerzhayard.forgewrapper.installer.Main.main(Main.java:69) ~[?:?]
	at org.prismlauncher.launcher.impl.StandardLauncher.launch(StandardLauncher.java:102) ~[?:?]
	at org.prismlauncher.EntryPoint.listen(EntryPoint.java:129) ~[?:?]
	at org.prismlauncher.EntryPoint.main(EntryPoint.java:70) ~[?:?]
[03Sep2025 15:30:24.997] [Render thread/WARN] [Oculus/]: Error while parsing the block ID map entry for "block.10104":
[03Sep2025 15:30:24.997] [Render thread/WARN] [Oculus/]: - The block minecraft:stone_slab has no property with the name variant, ignoring!
[03Sep2025 15:30:25.075] [Render thread/WARN] [Embeddium-MixinTaintDetector/]: Mod(s) [chunksfadein, oculus] are modifying Embeddium class me.jellysquid.mods.sodium.client.render.chunk.RenderSectionManager, which may cause instability.
[03Sep2025 15:30:25.092] [Render thread/WARN] [Embeddium-MixinTaintDetector/]: Mod(s) [oculus] are modifying Embeddium class me.jellysquid.mods.sodium.client.render.chunk.compile.tasks.ChunkBuilderMeshingTask, which may cause instability.
[03Sep2025 15:30:25.101] [Render thread/WARN] [Embeddium-MixinTaintDetector/]: Mod(s) [oculus] are modifying Embeddium class me.jellysquid.mods.sodium.client.render.chunk.vertex.format.ChunkMeshFormats, which may cause instability.
[03Sep2025 15:30:25.105] [Render thread/WARN] [Embeddium-MixinTaintDetector/]: Mod(s) [oculus] are modifying Embeddium class me.jellysquid.mods.sodium.client.render.chunk.vertex.format.ChunkMeshAttribute, which may cause instability.
[03Sep2025 15:30:25.110] [Render thread/WARN] [Embeddium-MixinTaintDetector/]: Mod(s) [oculus] are modifying Embeddium class me.jellysquid.mods.sodium.client.gl.attribute.GlVertexFormat$Builder, which may cause instability.
[03Sep2025 15:30:25.117] [Render thread/WARN] [Embeddium-MixinTaintDetector/]: Mod(s) [oculus] are modifying Embeddium class me.jellysquid.mods.sodium.client.gl.attribute.GlVertexAttributeFormat, which may cause instability.
[03Sep2025 15:30:25.128] [Render thread/WARN] [Embeddium-MixinTaintDetector/]: Mod(s) [chunksfadein, oculus] are modifying Embeddium class me.jellysquid.mods.sodium.client.render.chunk.DefaultChunkRenderer, which may cause instability.
[03Sep2025 15:30:25.137] [Render thread/WARN] [Embeddium-MixinTaintDetector/]: Mod(s) [oculus] are modifying Embeddium class me.jellysquid.mods.sodium.client.render.chunk.ShaderChunkRenderer, which may cause instability.
[03Sep2025 15:30:25.191] [Render thread/WARN] [Embeddium-MixinTaintDetector/]: Mod(s) [oculus] are modifying Embeddium class me.jellysquid.mods.sodium.client.render.chunk.compile.ChunkBuildBuffers, which may cause instability.
[03Sep2025 15:30:25.199] [Render thread/WARN] [Embeddium-MixinTaintDetector/]: Mod(s) [oculus] are modifying Embeddium class me.jellysquid.mods.sodium.client.render.chunk.vertex.builder.ChunkMeshBufferBuilder, which may cause instability.
[03Sep2025 15:30:25.210] [Render thread/WARN] [Embeddium-MixinTaintDetector/]: Mod(s) [oculus] are modifying Embeddium class me.jellysquid.mods.sodium.client.render.chunk.compile.buffers.BakedChunkModelBuilder, which may cause instability.
[03Sep2025 15:30:25.321] [Render thread/WARN] [Embeddium-MixinTaintDetector/]: Mod(s) [oculus] are modifying Embeddium class me.jellysquid.mods.sodium.client.model.light.smooth.SmoothLightPipeline, which may cause instability.
[03Sep2025 15:30:25.331] [Render thread/WARN] [Embeddium-MixinTaintDetector/]: Mod(s) [oculus] are modifying Embeddium class me.jellysquid.mods.sodium.client.model.light.flat.FlatLightPipeline, which may cause instability.
[03Sep2025 15:30:25.381] [Render thread/WARN] [Embeddium-MixinTaintDetector/]: Mod(s) [fusion] are modifying Embeddium class me.jellysquid.mods.sodium.client.render.chunk.compile.pipeline.BlockRenderer, which may cause instability.
[03Sep2025 15:30:25.491] [Render thread/INFO] [ChunkBuilder/]: Started 4 worker threads
[03Sep2025 15:30:25.544] [Render thread/WARN] [Embeddium-MixinTaintDetector/]: Mod(s) [embeddium_extra] are modifying Embeddium class me.jellysquid.mods.sodium.client.render.chunk.occlusion.OcclusionCuller, which may cause instability.
[03Sep2025 15:30:26.358] [Render thread/INFO] [mezz.jei.forge.startup.StartEventObserver/]: JEI StartEventObserver received class net.minecraftforge.client.event.ClientPlayerNetworkEvent$LoggingIn
[03Sep2025 15:30:26.359] [Render thread/INFO] [mezz.jei.forge.startup.StartEventObserver/]: JEI StartEventObserver transitioning state from DISABLED to ENABLED
[03Sep2025 15:30:26.369] [Render thread/INFO] [de.keksuccino.fancymenu.customization.layer.ScreenCustomizationLayerHandler/]: [FANCYMENU] ScreenCustomizationLayer registered: receiving_level_screen
[03Sep2025 15:30:26.405] [Render thread/INFO] [mezz.jei.forge.startup.StartEventObserver/]: JEI StartEventObserver received class net.minecraftforge.client.event.RecipesUpdatedEvent
[03Sep2025 15:30:26.435] [Render thread/INFO] [mezz.jei.forge.startup.StartEventObserver/]: JEI StartEventObserver received class net.minecraftforge.event.TagsUpdatedEvent
[03Sep2025 15:30:26.435] [Render thread/INFO] [mezz.jei.forge.startup.StartEventObserver/]: JEI StartEventObserver transitioning state from ENABLED to JEI_STARTED
[03Sep2025 15:30:26.437] [Render thread/INFO] [mezz.jei.core.util.LoggedTimer/]: Starting JEI...
[03Sep2025 15:30:26.456] [Render thread/INFO] [mezz.jei.library.load.PluginCaller/]: Registering item subtypes...
[03Sep2025 15:30:26.469] [Render thread/INFO] [mezz.jei.library.load.PluginCallerTimerRunnable/]: Registering item subtypes: jei:minecraft took 12.04 milliseconds
[03Sep2025 15:30:26.469] [Render thread/INFO] [mezz.jei.library.load.PluginCaller/]: Registering item subtypes took 12.67 ms
[03Sep2025 15:30:26.470] [Render thread/INFO] [mezz.jei.library.load.PluginCaller/]: Registering fluid subtypes...
[03Sep2025 15:30:26.473] [Render thread/INFO] [mezz.jei.library.load.PluginCaller/]: Registering fluid subtypes took 3.003 ms
[03Sep2025 15:30:26.478] [Render thread/INFO] [mezz.jei.library.load.PluginCaller/]: Registering ingredients...
[03Sep2025 15:30:26.585] [Render thread/WARN] [mezz.jei.library.plugins.vanilla.ingredients.ItemStackListFactory/]: Item Group has no display items and no search tab display items. Items from this group will be missing from the JEI ingredient list. Blocos de operador
[03Sep2025 15:30:26.642] [Render thread/INFO] [mezz.jei.library.load.PluginCallerTimerRunnable/]: Registering ingredients: jei:minecraft took 163.9 milliseconds
[03Sep2025 15:30:26.642] [Render thread/INFO] [mezz.jei.library.load.PluginCaller/]: Registering ingredients took 164.4 ms
[03Sep2025 15:30:26.643] [Render thread/INFO] [mezz.jei.library.load.PluginCaller/]: Registering extra ingredients...
[03Sep2025 15:30:26.644] [Render thread/INFO] [mezz.jei.library.load.PluginCaller/]: Registering extra ingredients took 417.6 ?s
[03Sep2025 15:30:26.645] [Render thread/INFO] [mezz.jei.library.load.PluginCaller/]: Registering search ingredient aliases...
[03Sep2025 15:30:26.645] [Render thread/INFO] [mezz.jei.library.load.PluginCaller/]: Registering search ingredient aliases took 433.8 ?s
[03Sep2025 15:30:26.678] [Render thread/INFO] [mezz.jei.library.load.PluginCaller/]: Registering categories...
[03Sep2025 15:30:26.697] [Render thread/INFO] [mezz.jei.library.load.PluginCallerTimerRunnable/]: Registering categories: jei:minecraft took 18.56 milliseconds
[03Sep2025 15:30:26.698] [Render thread/INFO] [mezz.jei.library.load.PluginCaller/]: Registering categories took 19.63 ms
[03Sep2025 15:30:26.698] [Render thread/INFO] [mezz.jei.library.load.PluginCaller/]: Registering vanilla category extensions...
[03Sep2025 15:30:26.700] [Render thread/INFO] [mezz.jei.library.load.PluginCaller/]: Registering vanilla category extensions took 1.729 ms
[03Sep2025 15:30:26.700] [Render thread/INFO] [mezz.jei.library.load.PluginCaller/]: Registering recipe catalysts...
[03Sep2025 15:30:26.701] [Render thread/INFO] [mezz.jei.library.load.PluginCaller/]: Registering recipe catalysts took 446.5 ?s
[03Sep2025 15:30:26.701] [Render thread/INFO] [mezz.jei.core.util.LoggedTimer/]: Building recipe registry...
[03Sep2025 15:30:26.710] [Render thread/INFO] [mezz.jei.core.util.LoggedTimer/]: Building recipe registry took 8.018 ms
[03Sep2025 15:30:26.710] [Render thread/INFO] [mezz.jei.library.load.PluginCaller/]: Registering advanced plugins...
[03Sep2025 15:30:26.711] [Render thread/INFO] [mezz.jei.library.load.PluginCaller/]: Registering advanced plugins took 340.8 ?s
[03Sep2025 15:30:26.711] [Render thread/INFO] [mezz.jei.library.load.PluginCaller/]: Registering recipes...
[03Sep2025 15:30:26.972] [Render thread/INFO] [mezz.jei.library.load.PluginCallerTimerRunnable/]: Registering recipes: jei:minecraft took 260.0 milliseconds
[03Sep2025 15:30:26.972] [Render thread/INFO] [mezz.jei.library.load.PluginCaller/]: Registering recipes took 260.4 ms
[03Sep2025 15:30:26.991] [Render thread/INFO] [mezz.jei.library.load.PluginCaller/]: Registering recipes transfer handlers...
[03Sep2025 15:30:27.000] [Render thread/INFO] [mezz.jei.library.load.PluginCaller/]: Registering recipes transfer handlers took 8.187 ms
[03Sep2025 15:30:27.012] [Render thread/INFO] [mezz.jei.core.util.LoggedTimer/]: Building runtime...
[03Sep2025 15:30:27.019] [Render thread/INFO] [mezz.jei.library.load.PluginCaller/]: Registering gui handlers...
[03Sep2025 15:30:27.051] [Render thread/INFO] [mezz.jei.library.load.PluginCallerTimerRunnable/]: Registering gui handlers: jei:gui took 19.55 milliseconds
[03Sep2025 15:30:27.052] [Render thread/INFO] [mezz.jei.library.load.PluginCaller/]: Registering gui handlers took 31.83 ms
[03Sep2025 15:30:27.064] [Render thread/INFO] [mezz.jei.library.load.PluginCaller/]: Registering Runtime...
[03Sep2025 15:30:27.066] [Render thread/INFO] [mezz.jei.gui.startup.JeiGuiStarter/]: Starting JEI GUI
[03Sep2025 15:30:27.067] [Render thread/INFO] [mezz.jei.core.util.LoggedTimer/]: Building ingredient list...
[03Sep2025 15:30:27.098] [Render thread/INFO] [mezz.jei.core.util.LoggedTimer/]: Building ingredient list took 30.60 ms
[03Sep2025 15:30:27.098] [Render thread/INFO] [mezz.jei.core.util.LoggedTimer/]: Building ingredient filter...
[03Sep2025 15:30:27.201] [Render thread/INFO] [mezz.jei.gui.ingredients.IngredientFilter/]: Adding 1564 ingredients
[03Sep2025 15:30:27.473] [Render thread/INFO] [mezz.jei.gui.ingredients.IngredientFilter/]: Added 1564 ingredients
[03Sep2025 15:30:27.474] [Render thread/INFO] [mezz.jei.core.util.LoggedTimer/]: Building ingredient filter took 376.1 ms
[03Sep2025 15:30:27.733] [Render thread/INFO] [mezz.jei.library.load.PluginCallerTimerRunnable/]: Registering Runtime: jei:forge_gui took 668.0 milliseconds
[03Sep2025 15:30:27.733] [Render thread/INFO] [mezz.jei.library.load.PluginCaller/]: Registering Runtime took 668.6 ms
[03Sep2025 15:30:27.736] [Render thread/INFO] [mezz.jei.core.util.LoggedTimer/]: Building runtime took 723.7 ms
[03Sep2025 15:30:27.737] [Render thread/INFO] [mezz.jei.library.load.PluginCaller/]: Sending Runtime...
[03Sep2025 15:30:27.737] [Render thread/INFO] [mezz.jei.library.load.PluginCaller/]: Sending Runtime took 326.4 ?s
[03Sep2025 15:30:27.737] [Render thread/INFO] [mezz.jei.core.util.LoggedTimer/]: Starting JEI took 1.300 s
[03Sep2025 15:30:27.766] [Render thread/INFO] [xaero.hud.minimap.MinimapLogs/]: Minimap updated server level id: 1541758749 for world ResourceKey[minecraft:dimension / minecraft:overworld]
[03Sep2025 15:30:27.865] [Render thread/INFO] [net.minecraft.advancements.AdvancementList/]: Loaded 239 advancements
[03Sep2025 15:30:27.889] [Server thread/INFO] [de.keksuccino.fancymenu.networking.packets.handshake.ServerSideHandshakePacketLogic/]: [FANCYMENU] A client with FancyMenu installed joined the server: marcos4503
[03Sep2025 15:30:27.917] [Thread-13/INFO] [XaeroPlus/]: Firing world change event: ENTER_WORLD from null to ResourceKey[minecraft:dimension / minecraft:overworld]
[03Sep2025 15:30:28.016] [Render thread/WARN] [Embeddium-MixinTaintDetector/]: Mod(s) [chunksfadein] are modifying Embeddium class me.jellysquid.mods.sodium.client.render.chunk.region.RenderRegion, which may cause instability.
[03Sep2025 15:30:28.024] [Render thread/WARN] [Embeddium-MixinTaintDetector/]: Mod(s) [chunksfadein] are modifying Embeddium class me.jellysquid.mods.sodium.client.render.chunk.RenderSection, which may cause instability.
[03Sep2025 15:30:28.257] [Render thread/WARN] [Embeddium-MixinTaintDetector/]: Mod(s) [oculus] are modifying Embeddium class me.jellysquid.mods.sodium.client.gl.shader.ShaderType, which may cause instability.
[03Sep2025 15:30:28.263] [Render thread/WARN] [Embeddium-MixinTaintDetector/]: Mod(s) [oculus] are modifying Embeddium class me.jellysquid.mods.sodium.client.gl.shader.GlProgram, which may cause instability.
[03Sep2025 15:30:28.273] [Render thread/WARN] [Embeddium-MixinTaintDetector/]: Mod(s) [chunksfadein] are modifying Embeddium class me.jellysquid.mods.sodium.client.render.chunk.shader.ChunkShaderInterface, which may cause instability.
[03Sep2025 15:30:28.457] [Render thread/WARN] [Embeddium-MixinTaintDetector/]: Mod(s) [entity_texture_features] are modifying Embeddium class me.jellysquid.mods.sodium.client.render.immediate.model.EntityRenderer, which may cause instability.
[03Sep2025 15:30:28.734] [Render thread/INFO] [xaero.hud.minimap.MinimapLogs/]: Reloading radar icon resources...
[03Sep2025 15:30:28.745] [Render thread/INFO] [xaero.hud.minimap.MinimapLogs/]: Reloaded radar icon resources!
[03Sep2025 15:30:28.769] [Render thread/WARN] [Embeddium-MixinTaintDetector/]: Mod(s) [oculus] are modifying Embeddium class me.jellysquid.mods.sodium.client.render.immediate.model.BakedModelEncoder, which may cause instability.
[03Sep2025 15:30:28.998] [Render thread/INFO] [de.keksuccino.fancymenu.networking.packets.handshake.ClientSideHandshakePacketLogic/]: [FANCYMENU] Connected to a server with FancyMenu installed: local_lan_world
[03Sep2025 15:30:29.066] [Render thread/WARN] [Embeddium-MixinTaintDetector/]: Mod(s) [oculus] are modifying Embeddium class me.jellysquid.mods.sodium.client.render.chunk.region.RenderRegion$DeviceResources, which may cause instability.
[03Sep2025 15:30:29.644] [Render thread/WARN] [ModernFix/]: Time from main menu to in-game was 10.010862 seconds
[03Sep2025 15:30:29.645] [Render thread/WARN] [ModernFix/]: Total time to load game and open world was 56.369865 seconds
[03Sep2025 15:31:16.848] [Render thread/WARN] [net.minecraft.client.multiplayer.ClientPacketListener/]: Received passengers for unknown entity
[03Sep2025 15:31:17.948] [Render thread/WARN] [net.minecraft.client.multiplayer.ClientPacketListener/]: Received passengers for unknown entity
[03Sep2025 15:31:48.865] [Render thread/INFO] [de.keksuccino.fancymenu.customization.layer.ScreenCustomizationLayerHandler/]: [FANCYMENU] ScreenCustomizationLayer registered: pause_screen
[03Sep2025 15:31:48.867] [Render thread/INFO] [mixin/]: Mixing client.MixinRowHelper from mixins/common/nochatreports.mixins.json into net.minecraft.client.gui.layouts.GridLayout$RowHelper
[03Sep2025 15:31:48.907] [Server thread/INFO] [net.minecraft.client.server.IntegratedServer/]: Saving and pausing game...
[03Sep2025 15:31:48.924] [Server thread/INFO] [net.minecraft.server.MinecraftServer/]: Saving chunks for level 'ServerLevel[Teste]'/minecraft:overworld
[03Sep2025 15:31:48.940] [Server thread/INFO] [net.minecraft.server.MinecraftServer/]: Saving chunks for level 'ServerLevel[Teste]'/minecraft:the_nether
[03Sep2025 15:31:48.942] [Server thread/INFO] [net.minecraft.server.MinecraftServer/]: Saving chunks for level 'ServerLevel[Teste]'/minecraft:the_end
[03Sep2025 15:31:49.649] [Render thread/INFO] [de.keksuccino.fancymenu.customization.layer.ScreenCustomizationLayerHandler/]: [FANCYMENU] ScreenCustomizationLayer registered: options_screen
[03Sep2025 15:31:50.060] [Render thread/WARN] [Embeddium-MixinTaintDetector/]: Mod(s) [oculus, embeddium_extra] are modifying Embeddium class me.jellysquid.mods.sodium.client.gui.SodiumGameOptionPages, which may cause instability.
[03Sep2025 15:31:50.071] [Render thread/WARN] [Embeddium-MixinTaintDetector/]: Mod(s) [oculus] are modifying Embeddium class me.jellysquid.mods.sodium.client.gui.options.OptionImpl, which may cause instability.
[03Sep2025 15:31:50.091] [Render thread/WARN] [Embeddium/]: Id must be specified in OptionPage 'Shaderpacks'
[03Sep2025 15:31:50.110] [Render thread/INFO] [de.keksuccino.fancymenu.customization.layer.ScreenCustomizationLayerHandler/]: [FANCYMENU] ScreenCustomizationLayer registered: me.jellysquid.mods.sodium.client.gui.SodiumOptionsGUI
[03Sep2025 15:31:50.121] [Render thread/INFO] [de.keksuccino.fancymenu.customization.layer.ScreenCustomizationLayerHandler/]: [FANCYMENU] ScreenCustomizationLayer registered: org.embeddedt.embeddium.gui.EmbeddiumVideoOptionsScreen
[03Sep2025 15:31:50.715] [Render thread/INFO] [de.keksuccino.fancymenu.customization.layer.ScreenCustomizationLayerHandler/]: [FANCYMENU] ScreenCustomizationLayer registered: net.irisshaders.iris.gui.screen.ShaderPackScreen
[03Sep2025 15:31:52.055] [Render thread/INFO] [Oculus/]: Destroying pipeline NamespacedId{namespace='minecraft', name='overworld'}
[03Sep2025 15:31:52.095] [Render thread/WARN] [Oculus/]: Tried to get boolean value for unknown option: 1, defaulting to true!
[03Sep2025 15:31:52.095] [Render thread/WARN] [Oculus/]: Tried to get boolean value for unknown option: 1, defaulting to true!
[03Sep2025 15:31:52.095] [Render thread/WARN] [Oculus/]: Tried to get boolean value for unknown option: 1, defaulting to true!
[03Sep2025 15:31:52.095] [Render thread/WARN] [Oculus/]: Tried to get boolean value for unknown option: 1, defaulting to true!
[03Sep2025 15:31:52.096] [Render thread/INFO] [Oculus/]: Profile: Custom (+23 options changed by user)
[03Sep2025 15:31:52.272] [Render thread/WARN] [Oculus/]: Warning: the block ID map entry "betterendforge::lumecorn:shape=light_top_middle" could not be fully parsed:
[03Sep2025 15:31:52.273] [Render thread/WARN] [Oculus/]: - Block state property filters must be of the form "key=value", but lumecorn is not of that form!
[03Sep2025 15:31:52.273] [Render thread/WARN] [Oculus/]: Warning: the block ID map entry "betterendforge::lumecorn:shape=light_middle" could not be fully parsed:
[03Sep2025 15:31:52.273] [Render thread/WARN] [Oculus/]: - Block state property filters must be of the form "key=value", but lumecorn is not of that form!
[03Sep2025 15:31:52.273] [Render thread/WARN] [Oculus/]: Warning: the block ID map entry "betterendforge::lumecorn:shape=light_bottom" could not be fully parsed:
[03Sep2025 15:31:52.273] [Render thread/WARN] [Oculus/]: - Block state property filters must be of the form "key=value", but lumecorn is not of that form!
[03Sep2025 15:31:52.273] [Render thread/WARN] [Oculus/]: Warning: the block ID map entry "betterendforge::purple_polypore" could not be fully parsed:
[03Sep2025 15:31:52.273] [Render thread/WARN] [Oculus/]: - Block state property filters must be of the form "key=value", but purple_polypore is not of that form!
[03Sep2025 15:31:52.273] [Render thread/WARN] [Oculus/]: Warning: the block ID map entry "betterendforge::bulb_vine:shape=bottom" could not be fully parsed:
[03Sep2025 15:31:52.273] [Render thread/WARN] [Oculus/]: - Block state property filters must be of the form "key=value", but bulb_vine is not of that form!
[03Sep2025 15:31:52.275] [Render thread/INFO] [Oculus/]: Using shaderpack: MakeUp UF             [Otimizado] ???????? FPS.zip
[03Sep2025 15:31:52.276] [Render thread/INFO] [Oculus/]: Creating pipeline for dimension NamespacedId{namespace='minecraft', name='overworld'}
[03Sep2025 15:31:52.454] [Render thread/INFO] [Oculus/]: Starting custom uniform resolving
[03Sep2025 15:31:52.716] [Render thread/INFO] [ChunkBuilder/]: Stopping worker threads
[03Sep2025 15:31:52.724] [Render thread/INFO] [ChunkBuilder/]: Started 4 worker threads
[03Sep2025 15:31:55.707] [Server thread/INFO] [net.minecraft.client.server.IntegratedServer/]: Saving and pausing game...
[03Sep2025 15:31:55.720] [Server thread/INFO] [net.minecraft.server.MinecraftServer/]: Saving chunks for level 'ServerLevel[Teste]'/minecraft:overworld
[03Sep2025 15:31:55.724] [Server thread/INFO] [net.minecraft.server.MinecraftServer/]: Saving chunks for level 'ServerLevel[Teste]'/minecraft:the_nether
[03Sep2025 15:31:55.725] [Server thread/INFO] [net.minecraft.server.MinecraftServer/]: Saving chunks for level 'ServerLevel[Teste]'/minecraft:the_end
[03Sep2025 15:32:34.257] [Server thread/INFO] [net.minecraft.client.server.IntegratedServer/]: Saving and pausing game...
[03Sep2025 15:32:34.270] [Server thread/INFO] [net.minecraft.server.MinecraftServer/]: Saving chunks for level 'ServerLevel[Teste]'/minecraft:overworld
[03Sep2025 15:32:34.275] [Server thread/INFO] [net.minecraft.server.MinecraftServer/]: Saving chunks for level 'ServerLevel[Teste]'/minecraft:the_nether
[03Sep2025 15:32:34.276] [Server thread/INFO] [net.minecraft.server.MinecraftServer/]: Saving chunks for level 'ServerLevel[Teste]'/minecraft:the_end
[03Sep2025 15:32:35.665] [Render thread/WARN] [Embeddium/]: Id must be specified in OptionPage 'Shaderpacks'
[03Sep2025 15:32:38.023] [Render thread/INFO] [Oculus/]: Destroying pipeline NamespacedId{namespace='minecraft', name='overworld'}
[03Sep2025 15:32:38.064] [Render thread/WARN] [Oculus/]: Found flag CUSTOM_IMAGES
[03Sep2025 15:32:38.064] [Render thread/WARN] [Oculus/]: Tried to get boolean value for unknown option: 1 && 1, defaulting to true!
[03Sep2025 15:32:38.064] [Render thread/WARN] [Oculus/]: Tried to get boolean value for unknown option: 1 && !RETRO_FILTER, defaulting to true!
[03Sep2025 15:32:38.064] [Render thread/WARN] [Oculus/]: Tried to get boolean value for unknown option: 1, defaulting to true!
[03Sep2025 15:32:38.064] [Render thread/WARN] [Oculus/]: Tried to get boolean value for unknown option: 1, defaulting to true!
[03Sep2025 15:32:38.064] [Render thread/WARN] [Oculus/]: Tried to get boolean value for unknown option: 1, defaulting to true!
[03Sep2025 15:32:38.064] [Render thread/WARN] [Oculus/]: Tried to get boolean value for unknown option: 1, defaulting to true!
[03Sep2025 15:32:38.064] [Render thread/WARN] [Oculus/]: Tried to get boolean value for unknown option: 1, defaulting to true!
[03Sep2025 15:32:38.064] [Render thread/WARN] [Oculus/]: Tried to get boolean value for unknown option: 1 && !RETRO_FILTER, defaulting to true!
[03Sep2025 15:32:38.064] [Render thread/WARN] [Oculus/]: Tried to get boolean value for unknown option: 1 && !RETRO_FILTER, defaulting to true!
[03Sep2025 15:32:38.064] [Render thread/WARN] [Oculus/]: Tried to get boolean value for unknown option: 1, defaulting to true!
[03Sep2025 15:32:38.064] [Render thread/WARN] [Oculus/]: Tried to get boolean value for unknown option: 1, defaulting to true!
[03Sep2025 15:32:38.064] [Render thread/WARN] [Oculus/]: Tried to get boolean value for unknown option: 1 && 1, defaulting to true!
[03Sep2025 15:32:38.064] [Render thread/WARN] [Oculus/]: Tried to get boolean value for unknown option: 1 && !RETRO_FILTER, defaulting to true!
[03Sep2025 15:32:38.064] [Render thread/WARN] [Oculus/]: Tried to get boolean value for unknown option: 1 && !RETRO_FILTER, defaulting to true!
[03Sep2025 15:32:38.064] [Render thread/WARN] [Oculus/]: Tried to get boolean value for unknown option: 1, defaulting to true!
[03Sep2025 15:32:38.064] [Render thread/WARN] [Oculus/]: Tried to get boolean value for unknown option: 1 && !RETRO_FILTER, defaulting to true!
[03Sep2025 15:32:38.064] [Render thread/WARN] [Oculus/]: Tried to get boolean value for unknown option: 1, defaulting to true!
[03Sep2025 15:32:38.064] [Render thread/WARN] [Oculus/]: Tried to get boolean value for unknown option: 1, defaulting to true!
[03Sep2025 15:32:38.066] [Render thread/INFO] [Oculus/]: Profile: HIGH (+18 options changed by user)
[03Sep2025 15:32:38.219] [Render thread/INFO] [Oculus/]: Using shaderpack: BSL                        [Bonito] ???????? FPS.zip
[03Sep2025 15:32:38.219] [Render thread/INFO] [Oculus/]: Creating pipeline for dimension NamespacedId{namespace='minecraft', name='overworld'}
[03Sep2025 15:32:38.365] [Render thread/INFO] [Oculus/]: Starting custom uniform resolving
[03Sep2025 15:32:38.429] [Render thread/WARN] [Oculus/]: [Patcher] gl_FragColor is not supported yet, please use gl_FragData! Assuming that the shaderpack author intended to use gl_FragData[0]...
[03Sep2025 15:32:38.739] [Render thread/INFO] [ChunkBuilder/]: Stopping worker threads
[03Sep2025 15:32:38.743] [Render thread/INFO] [ChunkBuilder/]: Started 4 worker threads
[03Sep2025 15:33:14.156] [Server thread/INFO] [net.minecraft.client.server.IntegratedServer/]: Saving and pausing game...
[03Sep2025 15:33:14.172] [Server thread/INFO] [net.minecraft.server.MinecraftServer/]: Saving chunks for level 'ServerLevel[Teste]'/minecraft:overworld
[03Sep2025 15:33:14.176] [Server thread/INFO] [net.minecraft.server.MinecraftServer/]: Saving chunks for level 'ServerLevel[Teste]'/minecraft:the_nether
[03Sep2025 15:33:14.177] [Server thread/INFO] [net.minecraft.server.MinecraftServer/]: Saving chunks for level 'ServerLevel[Teste]'/minecraft:the_end
[03Sep2025 15:33:15.183] [Render thread/WARN] [Embeddium/]: Id must be specified in OptionPage 'Shaderpacks'
[03Sep2025 15:33:16.945] [Render thread/INFO] [Oculus/]: Destroying pipeline NamespacedId{namespace='minecraft', name='overworld'}
[03Sep2025 15:33:17.001] [Render thread/WARN] [Oculus/]: Tried to get boolean value for unknown option: 1, defaulting to true!
[03Sep2025 15:33:17.001] [Render thread/WARN] [Oculus/]: Tried to get boolean value for unknown option: 1, defaulting to true!
[03Sep2025 15:33:17.001] [Render thread/WARN] [Oculus/]: Tried to get boolean value for unknown option: 1, defaulting to true!
[03Sep2025 15:33:17.001] [Render thread/WARN] [Oculus/]: Tried to get boolean value for unknown option: 1, defaulting to true!
[03Sep2025 15:33:17.001] [Render thread/WARN] [Oculus/]: Tried to get boolean value for unknown option: 1, defaulting to true!
[03Sep2025 15:33:17.001] [Render thread/WARN] [Oculus/]: Tried to get boolean value for unknown option: 1, defaulting to true!
[03Sep2025 15:33:17.001] [Render thread/WARN] [Oculus/]: Tried to get boolean value for unknown option: 1, defaulting to true!
[03Sep2025 15:33:17.001] [Render thread/WARN] [Oculus/]: Tried to get boolean value for unknown option: 1, defaulting to true!
[03Sep2025 15:33:17.001] [Render thread/WARN] [Oculus/]: Tried to get boolean value for unknown option: 1, defaulting to true!
[03Sep2025 15:33:17.001] [Render thread/WARN] [Oculus/]: Tried to get boolean value for unknown option: 1, defaulting to true!
[03Sep2025 15:33:17.002] [Render thread/WARN] [Oculus/]: Tried to get boolean value for unknown option: 1, defaulting to true!
[03Sep2025 15:33:17.002] [Render thread/WARN] [Oculus/]: Tried to get boolean value for unknown option: 1, defaulting to true!
[03Sep2025 15:33:17.002] [Render thread/WARN] [Oculus/]: Tried to get boolean value for unknown option: 1, defaulting to true!
[03Sep2025 15:33:17.002] [Render thread/WARN] [Oculus/]: Tried to get boolean value for unknown option: 1, defaulting to true!
[03Sep2025 15:33:17.002] [Render thread/WARN] [Oculus/]: Tried to get boolean value for unknown option: 1, defaulting to true!
[03Sep2025 15:33:17.002] [Render thread/WARN] [Oculus/]: Tried to get boolean value for unknown option: 1, defaulting to true!
[03Sep2025 15:33:17.002] [Render thread/WARN] [Oculus/]: Tried to get boolean value for unknown option: 1, defaulting to true!
[03Sep2025 15:33:17.002] [Render thread/WARN] [Oculus/]: Tried to get boolean value for unknown option: 1, defaulting to true!
[03Sep2025 15:33:17.002] [Render thread/WARN] [Oculus/]: Tried to get boolean value for unknown option: 1, defaulting to true!
[03Sep2025 15:33:17.002] [Render thread/WARN] [Oculus/]: Tried to get boolean value for unknown option: 1, defaulting to true!
[03Sep2025 15:33:17.002] [Render thread/WARN] [Oculus/]: Tried to get boolean value for unknown option: 1, defaulting to true!
[03Sep2025 15:33:17.002] [Render thread/WARN] [Oculus/]: Tried to get boolean value for unknown option: 1, defaulting to true!
[03Sep2025 15:33:17.002] [Render thread/WARN] [Oculus/]: Tried to get boolean value for unknown option: 1, defaulting to true!
[03Sep2025 15:33:17.005] [Render thread/INFO] [Oculus/]: Profile: Custom (+24 options changed by user)
[03Sep2025 15:33:17.257] [Render thread/INFO] [Oculus/]: Using shaderpack: AstraLex              [Fabuloso] ???????? FPS.zip
[03Sep2025 15:33:17.258] [Render thread/INFO] [Oculus/]: Creating pipeline for dimension NamespacedId{namespace='minecraft', name='overworld'}
[03Sep2025 15:33:17.497] [Render thread/INFO] [Oculus/]: Starting custom uniform resolving
[03Sep2025 15:33:18.100] [Render thread/WARN] [net.irisshaders.iris.pipeline.transform.transformer.CompatibilityTransformer/]: The in declaration 'sunVec' in the FRAGMENT shader that is never assigned to in the previous stage VERTEX has been compatibility-patched by adding an initialization for it. See debugging.md for more information.
[03Sep2025 15:33:18.101] [Render thread/WARN] [net.irisshaders.iris.pipeline.transform.transformer.CompatibilityTransformer/]: The in declaration 'upVec' in the FRAGMENT shader that is never assigned to in the previous stage VERTEX has been compatibility-patched by adding an initialization for it. See debugging.md for more information.
[03Sep2025 15:33:18.120] [Render thread/WARN] [net.irisshaders.iris.pipeline.transform.transformer.CompatibilityTransformer/]: The in declaration 'sunVec' in the FRAGMENT shader that is never assigned to in the previous stage VERTEX has been compatibility-patched by adding an initialization for it. See debugging.md for more information.
[03Sep2025 15:33:18.120] [Render thread/WARN] [net.irisshaders.iris.pipeline.transform.transformer.CompatibilityTransformer/]: The in declaration 'upVec' in the FRAGMENT shader that is never assigned to in the previous stage VERTEX has been compatibility-patched by adding an initialization for it. See debugging.md for more information.
[03Sep2025 15:33:18.126] [Render thread/WARN] [net.irisshaders.iris.pipeline.transform.transformer.CompatibilityTransformer/]: The in declaration 'sunVec' in the FRAGMENT shader that is never assigned to in the previous stage VERTEX has been compatibility-patched by adding an initialization for it. See debugging.md for more information.
[03Sep2025 15:33:18.126] [Render thread/WARN] [net.irisshaders.iris.pipeline.transform.transformer.CompatibilityTransformer/]: The in declaration 'upVec' in the FRAGMENT shader that is never assigned to in the previous stage VERTEX has been compatibility-patched by adding an initialization for it. See debugging.md for more information.
[03Sep2025 15:33:18.132] [Render thread/WARN] [net.irisshaders.iris.pipeline.transform.transformer.CompatibilityTransformer/]: The in declaration 'sunVec' in the FRAGMENT shader that is never assigned to in the previous stage VERTEX has been compatibility-patched by adding an initialization for it. See debugging.md for more information.
[03Sep2025 15:33:18.132] [Render thread/WARN] [net.irisshaders.iris.pipeline.transform.transformer.CompatibilityTransformer/]: The in declaration 'upVec' in the FRAGMENT shader that is never assigned to in the previous stage VERTEX has been compatibility-patched by adding an initialization for it. See debugging.md for more information.
[03Sep2025 15:33:18.137] [Render thread/WARN] [net.irisshaders.iris.pipeline.transform.transformer.CompatibilityTransformer/]: The in declaration 'sunVec' in the FRAGMENT shader that is never assigned to in the previous stage VERTEX has been compatibility-patched by adding an initialization for it. See debugging.md for more information.
[03Sep2025 15:33:18.138] [Render thread/WARN] [net.irisshaders.iris.pipeline.transform.transformer.CompatibilityTransformer/]: The in declaration 'upVec' in the FRAGMENT shader that is never assigned to in the previous stage VERTEX has been compatibility-patched by adding an initialization for it. See debugging.md for more information.
[03Sep2025 15:33:18.143] [Render thread/WARN] [net.irisshaders.iris.pipeline.transform.transformer.CompatibilityTransformer/]: The in declaration 'sunVec' in the FRAGMENT shader that is never assigned to in the previous stage VERTEX has been compatibility-patched by adding an initialization for it. See debugging.md for more information.
[03Sep2025 15:33:18.143] [Render thread/WARN] [net.irisshaders.iris.pipeline.transform.transformer.CompatibilityTransformer/]: The in declaration 'upVec' in the FRAGMENT shader that is never assigned to in the previous stage VERTEX has been compatibility-patched by adding an initialization for it. See debugging.md for more information.
[03Sep2025 15:33:18.149] [Render thread/WARN] [net.irisshaders.iris.pipeline.transform.transformer.CompatibilityTransformer/]: The in declaration 'sunVec' in the FRAGMENT shader that is never assigned to in the previous stage VERTEX has been compatibility-patched by adding an initialization for it. See debugging.md for more information.
[03Sep2025 15:33:18.149] [Render thread/WARN] [net.irisshaders.iris.pipeline.transform.transformer.CompatibilityTransformer/]: The in declaration 'upVec' in the FRAGMENT shader that is never assigned to in the previous stage VERTEX has been compatibility-patched by adding an initialization for it. See debugging.md for more information.
[03Sep2025 15:33:18.154] [Render thread/WARN] [net.irisshaders.iris.pipeline.transform.transformer.CompatibilityTransformer/]: The in declaration 'sunVec' in the FRAGMENT shader that is never assigned to in the previous stage VERTEX has been compatibility-patched by adding an initialization for it. See debugging.md for more information.
[03Sep2025 15:33:18.155] [Render thread/WARN] [net.irisshaders.iris.pipeline.transform.transformer.CompatibilityTransformer/]: The in declaration 'upVec' in the FRAGMENT shader that is never assigned to in the previous stage VERTEX has been compatibility-patched by adding an initialization for it. See debugging.md for more information.
[03Sep2025 15:33:18.160] [Render thread/WARN] [net.irisshaders.iris.pipeline.transform.transformer.CompatibilityTransformer/]: The in declaration 'sunVec' in the FRAGMENT shader that is never assigned to in the previous stage VERTEX has been compatibility-patched by adding an initialization for it. See debugging.md for more information.
[03Sep2025 15:33:18.160] [Render thread/WARN] [net.irisshaders.iris.pipeline.transform.transformer.CompatibilityTransformer/]: The in declaration 'upVec' in the FRAGMENT shader that is never assigned to in the previous stage VERTEX has been compatibility-patched by adding an initialization for it. See debugging.md for more information.
[03Sep2025 15:33:18.165] [Render thread/WARN] [net.irisshaders.iris.pipeline.transform.transformer.CompatibilityTransformer/]: The in declaration 'sunVec' in the FRAGMENT shader that is never assigned to in the previous stage VERTEX has been compatibility-patched by adding an initialization for it. See debugging.md for more information.
[03Sep2025 15:33:18.166] [Render thread/WARN] [net.irisshaders.iris.pipeline.transform.transformer.CompatibilityTransformer/]: The in declaration 'upVec' in the FRAGMENT shader that is never assigned to in the previous stage VERTEX has been compatibility-patched by adding an initialization for it. See debugging.md for more information.
[03Sep2025 15:33:18.172] [Render thread/WARN] [net.irisshaders.iris.pipeline.transform.transformer.CompatibilityTransformer/]: The in declaration 'sunVec' in the FRAGMENT shader that is never assigned to in the previous stage VERTEX has been compatibility-patched by adding an initialization for it. See debugging.md for more information.
[03Sep2025 15:33:18.172] [Render thread/WARN] [net.irisshaders.iris.pipeline.transform.transformer.CompatibilityTransformer/]: The in declaration 'upVec' in the FRAGMENT shader that is never assigned to in the previous stage VERTEX has been compatibility-patched by adding an initialization for it. See debugging.md for more information.
[03Sep2025 15:33:18.177] [Render thread/WARN] [net.irisshaders.iris.pipeline.transform.transformer.CompatibilityTransformer/]: The in declaration 'sunVec' in the FRAGMENT shader that is never assigned to in the previous stage VERTEX has been compatibility-patched by adding an initialization for it. See debugging.md for more information.
[03Sep2025 15:33:18.177] [Render thread/WARN] [net.irisshaders.iris.pipeline.transform.transformer.CompatibilityTransformer/]: The in declaration 'upVec' in the FRAGMENT shader that is never assigned to in the previous stage VERTEX has been compatibility-patched by adding an initialization for it. See debugging.md for more information.
[03Sep2025 15:33:18.183] [Render thread/WARN] [net.irisshaders.iris.pipeline.transform.transformer.CompatibilityTransformer/]: The in declaration 'sunVec' in the FRAGMENT shader that is never assigned to in the previous stage VERTEX has been compatibility-patched by adding an initialization for it. See debugging.md for more information.
[03Sep2025 15:33:18.183] [Render thread/WARN] [net.irisshaders.iris.pipeline.transform.transformer.CompatibilityTransformer/]: The in declaration 'upVec' in the FRAGMENT shader that is never assigned to in the previous stage VERTEX has been compatibility-patched by adding an initialization for it. See debugging.md for more information.
[03Sep2025 15:33:18.188] [Render thread/WARN] [net.irisshaders.iris.pipeline.transform.transformer.CompatibilityTransformer/]: The in declaration 'sunVec' in the FRAGMENT shader that is never assigned to in the previous stage VERTEX has been compatibility-patched by adding an initialization for it. See debugging.md for more information.
[03Sep2025 15:33:18.189] [Render thread/WARN] [net.irisshaders.iris.pipeline.transform.transformer.CompatibilityTransformer/]: The in declaration 'upVec' in the FRAGMENT shader that is never assigned to in the previous stage VERTEX has been compatibility-patched by adding an initialization for it. See debugging.md for more information.
[03Sep2025 15:33:18.194] [Render thread/WARN] [net.irisshaders.iris.pipeline.transform.transformer.CompatibilityTransformer/]: The in declaration 'sunVec' in the FRAGMENT shader that is never assigned to in the previous stage VERTEX has been compatibility-patched by adding an initialization for it. See debugging.md for more information.
[03Sep2025 15:33:18.194] [Render thread/WARN] [net.irisshaders.iris.pipeline.transform.transformer.CompatibilityTransformer/]: The in declaration 'upVec' in the FRAGMENT shader that is never assigned to in the previous stage VERTEX has been compatibility-patched by adding an initialization for it. See debugging.md for more information.
[03Sep2025 15:33:18.200] [Render thread/WARN] [net.irisshaders.iris.pipeline.transform.transformer.CompatibilityTransformer/]: The in declaration 'sunVec' in the FRAGMENT shader that is never assigned to in the previous stage VERTEX has been compatibility-patched by adding an initialization for it. See debugging.md for more information.
[03Sep2025 15:33:18.200] [Render thread/WARN] [net.irisshaders.iris.pipeline.transform.transformer.CompatibilityTransformer/]: The in declaration 'upVec' in the FRAGMENT shader that is never assigned to in the previous stage VERTEX has been compatibility-patched by adding an initialization for it. See debugging.md for more information.
[03Sep2025 15:33:18.205] [Render thread/WARN] [net.irisshaders.iris.pipeline.transform.transformer.CompatibilityTransformer/]: The in declaration 'sunVec' in the FRAGMENT shader that is never assigned to in the previous stage VERTEX has been compatibility-patched by adding an initialization for it. See debugging.md for more information.
[03Sep2025 15:33:18.206] [Render thread/WARN] [net.irisshaders.iris.pipeline.transform.transformer.CompatibilityTransformer/]: The in declaration 'upVec' in the FRAGMENT shader that is never assigned to in the previous stage VERTEX has been compatibility-patched by adding an initialization for it. See debugging.md for more information.
[03Sep2025 15:33:18.216] [Render thread/INFO] [ChunkBuilder/]: Stopping worker threads
[03Sep2025 15:33:18.224] [Render thread/INFO] [ChunkBuilder/]: Started 4 worker threads
[03Sep2025 15:33:18.372] [Render thread/WARN] [net.irisshaders.iris.pipeline.transform.transformer.CompatibilityTransformer/]: The in declaration 'sunVec' in the FRAGMENT shader that is never assigned to in the previous stage VERTEX has been compatibility-patched by adding an initialization for it. See debugging.md for more information.
[03Sep2025 15:33:18.373] [Render thread/WARN] [net.irisshaders.iris.pipeline.transform.transformer.CompatibilityTransformer/]: The in declaration 'upVec' in the FRAGMENT shader that is never assigned to in the previous stage VERTEX has been compatibility-patched by adding an initialization for it. See debugging.md for more information.
[03Sep2025 15:33:18.390] [Render thread/WARN] [net.irisshaders.iris.pipeline.transform.transformer.CompatibilityTransformer/]: The in declaration 'sunVec' in the FRAGMENT shader that is never assigned to in the previous stage VERTEX has been compatibility-patched by adding an initialization for it. See debugging.md for more information.
[03Sep2025 15:33:18.390] [Render thread/WARN] [net.irisshaders.iris.pipeline.transform.transformer.CompatibilityTransformer/]: The in declaration 'upVec' in the FRAGMENT shader that is never assigned to in the previous stage VERTEX has been compatibility-patched by adding an initialization for it. See debugging.md for more information.
[03Sep2025 15:34:08.857] [Server thread/INFO] [net.minecraft.client.server.IntegratedServer/]: Saving and pausing game...
[03Sep2025 15:34:08.869] [Server thread/INFO] [net.minecraft.server.MinecraftServer/]: Saving chunks for level 'ServerLevel[Teste]'/minecraft:overworld
[03Sep2025 15:34:08.872] [Server thread/INFO] [net.minecraft.server.MinecraftServer/]: Saving chunks for level 'ServerLevel[Teste]'/minecraft:the_nether
[03Sep2025 15:34:08.873] [Server thread/INFO] [net.minecraft.server.MinecraftServer/]: Saving chunks for level 'ServerLevel[Teste]'/minecraft:the_end
[03Sep2025 15:34:09.588] [Render thread/WARN] [Embeddium/]: Id must be specified in OptionPage 'Shaderpacks'
[03Sep2025 15:34:11.637] [Render thread/INFO] [Oculus/]: Destroying pipeline NamespacedId{namespace='minecraft', name='overworld'}
[03Sep2025 15:34:11.675] [Render thread/WARN] [Oculus/]: Tried to get boolean value for unknown option: 1, defaulting to true!
[03Sep2025 15:34:11.675] [Render thread/WARN] [Oculus/]: Tried to get boolean value for unknown option: 1, defaulting to true!
[03Sep2025 15:34:11.675] [Render thread/WARN] [Oculus/]: Tried to get boolean value for unknown option: 1, defaulting to true!
[03Sep2025 15:34:11.675] [Render thread/WARN] [Oculus/]: Tried to get boolean value for unknown option: 1, defaulting to true!
[03Sep2025 15:34:11.675] [Render thread/INFO] [Oculus/]: Profile: Custom (+23 options changed by user)
[03Sep2025 15:34:11.762] [Render thread/WARN] [Oculus/]: Warning: the block ID map entry "betterendforge::lumecorn:shape=light_top_middle" could not be fully parsed:
[03Sep2025 15:34:11.762] [Render thread/WARN] [Oculus/]: - Block state property filters must be of the form "key=value", but lumecorn is not of that form!
[03Sep2025 15:34:11.762] [Render thread/WARN] [Oculus/]: Warning: the block ID map entry "betterendforge::lumecorn:shape=light_middle" could not be fully parsed:
[03Sep2025 15:34:11.762] [Render thread/WARN] [Oculus/]: - Block state property filters must be of the form "key=value", but lumecorn is not of that form!
[03Sep2025 15:34:11.762] [Render thread/WARN] [Oculus/]: Warning: the block ID map entry "betterendforge::lumecorn:shape=light_bottom" could not be fully parsed:
[03Sep2025 15:34:11.762] [Render thread/WARN] [Oculus/]: - Block state property filters must be of the form "key=value", but lumecorn is not of that form!
[03Sep2025 15:34:11.762] [Render thread/WARN] [Oculus/]: Warning: the block ID map entry "betterendforge::purple_polypore" could not be fully parsed:
[03Sep2025 15:34:11.762] [Render thread/WARN] [Oculus/]: - Block state property filters must be of the form "key=value", but purple_polypore is not of that form!
[03Sep2025 15:34:11.762] [Render thread/WARN] [Oculus/]: Warning: the block ID map entry "betterendforge::bulb_vine:shape=bottom" could not be fully parsed:
[03Sep2025 15:34:11.762] [Render thread/WARN] [Oculus/]: - Block state property filters must be of the form "key=value", but bulb_vine is not of that form!
[03Sep2025 15:34:11.763] [Render thread/INFO] [Oculus/]: Using shaderpack: MakeUp UF             [Otimizado] ???????? FPS.zip
[03Sep2025 15:34:11.763] [Render thread/INFO] [Oculus/]: Creating pipeline for dimension NamespacedId{namespace='minecraft', name='overworld'}
[03Sep2025 15:34:11.852] [Render thread/INFO] [Oculus/]: Starting custom uniform resolving
[03Sep2025 15:34:12.028] [Render thread/INFO] [ChunkBuilder/]: Stopping worker threads
[03Sep2025 15:34:12.035] [Render thread/INFO] [ChunkBuilder/]: Started 4 worker threads
[03Sep2025 15:34:14.142] [Render thread/INFO] [de.keksuccino.fancymenu.customization.layer.ScreenCustomizationLayerHandler/]: [FANCYMENU] ScreenCustomizationLayer registered: stats_screen
[03Sep2025 15:34:17.508] [Server thread/INFO] [net.minecraft.client.server.IntegratedServer/]: Saving and pausing game...
[03Sep2025 15:34:17.520] [Server thread/INFO] [net.minecraft.server.MinecraftServer/]: Saving chunks for level 'ServerLevel[Teste]'/minecraft:overworld
[03Sep2025 15:34:17.523] [Server thread/INFO] [net.minecraft.server.MinecraftServer/]: Saving chunks for level 'ServerLevel[Teste]'/minecraft:the_nether
[03Sep2025 15:34:17.523] [Server thread/INFO] [net.minecraft.server.MinecraftServer/]: Saving chunks for level 'ServerLevel[Teste]'/minecraft:the_end
[03Sep2025 15:34:17.941] [Render thread/INFO] [xaero.map.WorldMap/]: Finalizing world map session...
[03Sep2025 15:34:17.948] [Thread-13/INFO] [xaero.map.WorldMap/]: World map cleaned normally!
[03Sep2025 15:34:17.949] [Thread-13/INFO] [XaeroPlus/]: Firing world change event: EXIT_WORLD from ResourceKey[minecraft:dimension / minecraft:overworld] to null
[03Sep2025 15:34:17.963] [Render thread/INFO] [xaero.map.WorldMap/]: World map session finalized.
[03Sep2025 15:34:17.963] [Render thread/INFO] [xaero.hud.minimap.MinimapLogs/]: Xaero hud session finalized.
[03Sep2025 15:34:17.963] [Render thread/INFO] [mezz.jei.forge.startup.StartEventObserver/]: JEI StartEventObserver received class net.minecraftforge.client.event.ClientPlayerNetworkEvent$LoggingOut
[03Sep2025 15:34:17.963] [Render thread/INFO] [mezz.jei.forge.startup.StartEventObserver/]: JEI StartEventObserver transitioning state from JEI_STARTED to DISABLED
[03Sep2025 15:34:17.963] [Render thread/INFO] [mezz.jei.library.startup.JeiStarter/]: Stopping JEI
[03Sep2025 15:34:17.963] [Render thread/INFO] [mezz.jei.library.load.PluginCaller/]: Sending Runtime Unavailable...
[03Sep2025 15:34:17.964] [Render thread/INFO] [mezz.jei.forge.plugins.forge.ForgeGuiPlugin/]: Stopping JEI GUI
[03Sep2025 15:34:17.966] [Render thread/INFO] [mezz.jei.library.load.PluginCaller/]: Sending Runtime Unavailable took 2.160 ms
[03Sep2025 15:34:18.010] [Server thread/INFO] [net.minecraft.server.network.ServerGamePacketListenerImpl/]: marcos4503 lost connection: Desconectado
[03Sep2025 15:34:18.010] [Server thread/INFO] [net.minecraft.server.MinecraftServer/]: marcos4503 saiu do jogo
[03Sep2025 15:34:18.022] [Server thread/INFO] [net.minecraft.server.network.ServerGamePacketListenerImpl/]: Stopping singleplayer server as player logged out
[03Sep2025 15:34:18.058] [Server thread/INFO] [net.minecraft.server.MinecraftServer/]: Stopping server
[03Sep2025 15:34:18.058] [Server thread/INFO] [net.minecraft.server.MinecraftServer/]: Saving players
[03Sep2025 15:34:18.058] [Server thread/INFO] [net.minecraft.server.MinecraftServer/]: Saving worlds
[03Sep2025 15:34:18.260] [Server thread/INFO] [net.minecraft.server.MinecraftServer/]: Saving chunks for level 'ServerLevel[Teste]'/minecraft:overworld
[03Sep2025 15:34:19.206] [Server thread/INFO] [net.minecraft.server.MinecraftServer/]: Saving chunks for level 'ServerLevel[Teste]'/minecraft:the_nether
[03Sep2025 15:34:19.207] [Server thread/INFO] [net.minecraft.server.MinecraftServer/]: Saving chunks for level 'ServerLevel[Teste]'/minecraft:the_end
[03Sep2025 15:34:19.224] [Server thread/INFO] [net.minecraft.server.MinecraftServer/]: ThreadedAnvilChunkStorage (Teste): All chunks are saved
[03Sep2025 15:34:19.224] [Server thread/INFO] [net.minecraft.server.MinecraftServer/]: ThreadedAnvilChunkStorage (DIM-1): All chunks are saved
[03Sep2025 15:34:19.224] [Server thread/INFO] [net.minecraft.server.MinecraftServer/]: ThreadedAnvilChunkStorage (DIM1): All chunks are saved
[03Sep2025 15:34:19.224] [Server thread/INFO] [net.minecraft.server.MinecraftServer/]: ThreadedAnvilChunkStorage: All dimensions are saved
[03Sep2025 15:34:19.258] [Render thread/INFO] [ChunkBuilder/]: Stopping worker threads
[03Sep2025 15:34:19.265] [Render thread/INFO] [Entity Texture Features/]: [ETF]: emissive suffixes loaded: {_e}
[03Sep2025 15:34:19.788] [CullThread/INFO] [STDOUT/]: [dev.tr7zw.entityculling.CullTask:run:90]: Shutting down culling task!
[03Sep2025 15:34:19.794] [Render thread/INFO] [net.minecraft.client.Minecraft/]: Stopping!
[03Sep2025 15:34:19.814] [Render thread/INFO] [Entity Texture Features/]: [ETF]: emissive suffixes loaded: {_e}
[03Sep2025 15:34:19.815] [Render thread/ERROR] [MCBrowser/]: Could not save opened tabs for MCBrowser
java.io.FileNotFoundException: C:\Users\junio\AppData\Roaming\.minecraft-plus\Game\instances\1.20.1 Classic Vanilla+\minecraft\config\MCBrowser\tabs.json (O sistema não pode encontrar o caminho especificado)
	at java.io.FileOutputStream.open0(Native Method) ~[?:?]
	at java.io.FileOutputStream.open(FileOutputStream.java:293) ~[?:?]
	at java.io.FileOutputStream.<init>(FileOutputStream.java:235) ~[?:?]
	at java.io.FileOutputStream.<init>(FileOutputStream.java:123) ~[?:?]
	at java.io.FileWriter.<init>(FileWriter.java:66) ~[?:?]
	at io.github.blobanium.mcbrowser.util.TabManager.saveTabsToJson(TabManager.java:93) ~[UI%20-%20MCBrowser%201.0.1%20(Fabric%20Version)_mapped_srg_1.20.1.jar%23559!/:?]
	at net.minecraft.client.Minecraft.handler$dbb001$mcbrowser$onClose(Minecraft.java:16424) ~[client-1.20.1-20230612.114412-srg.jar%23278!/:?]
	at net.minecraft.client.Minecraft.close(Minecraft.java) ~[client-1.20.1-20230612.114412-srg.jar%23278!/:?]
	at net.minecraft.client.Minecraft.m_91393_(Minecraft.java:1043) ~[client-1.20.1-20230612.114412-srg.jar%23278!/:?]
	at net.minecraft.client.main.Main.main(Main.java:234) ~[minecraft-1.20.1-client.jar:?]
	at jdk.internal.reflect.NativeMethodAccessorImpl.invoke0(Native Method) ~[?:?]
	at jdk.internal.reflect.NativeMethodAccessorImpl.invoke(NativeMethodAccessorImpl.java:77) ~[?:?]
	at jdk.internal.reflect.DelegatingMethodAccessorImpl.invoke(DelegatingMethodAccessorImpl.java:43) ~[?:?]
	at java.lang.reflect.Method.invoke(Method.java:568) ~[?:?]
	at net.minecraftforge.fml.loading.targets.CommonLaunchHandler.runTarget(CommonLaunchHandler.java:111) ~[fmlloader-1.20.1-47.4.0.jar:?]
	at net.minecraftforge.fml.loading.targets.CommonLaunchHandler.clientService(CommonLaunchHandler.java:99) ~[fmlloader-1.20.1-47.4.0.jar:?]
	at net.minecraftforge.fml.loading.targets.CommonClientLaunchHandler.lambda$makeService$0(CommonClientLaunchHandler.java:25) ~[fmlloader-1.20.1-47.4.0.jar:?]
	at cpw.mods.modlauncher.LaunchServiceHandlerDecorator.launch(LaunchServiceHandlerDecorator.java:30) ~[modlauncher-10.0.9.jar:?]
	at cpw.mods.modlauncher.LaunchServiceHandler.launch(LaunchServiceHandler.java:53) ~[modlauncher-10.0.9.jar:?]
	at cpw.mods.modlauncher.LaunchServiceHandler.launch(LaunchServiceHandler.java:71) ~[modlauncher-10.0.9.jar:?]
	at cpw.mods.modlauncher.Launcher.run(Launcher.java:108) ~[modlauncher-10.0.9.jar:?]
	at cpw.mods.modlauncher.Launcher.main(Launcher.java:78) ~[modlauncher-10.0.9.jar:?]
	at cpw.mods.modlauncher.BootstrapLaunchConsumer.accept(BootstrapLaunchConsumer.java:26) ~[modlauncher-10.0.9.jar:?]
	at cpw.mods.modlauncher.BootstrapLaunchConsumer.accept(BootstrapLaunchConsumer.java:23) ~[modlauncher-10.0.9.jar:?]
	at cpw.mods.bootstraplauncher.BootstrapLauncher.main(BootstrapLauncher.java:141) ~[bootstraplauncher-1.1.2.jar:?]
	at jdk.internal.reflect.NativeMethodAccessorImpl.invoke0(Native Method) ~[?:?]
	at jdk.internal.reflect.NativeMethodAccessorImpl.invoke(NativeMethodAccessorImpl.java:77) ~[?:?]
	at jdk.internal.reflect.DelegatingMethodAccessorImpl.invoke(DelegatingMethodAccessorImpl.java:43) ~[?:?]
	at java.lang.reflect.Method.invoke(Method.java:568) ~[?:?]
	at io.github.zekerzhayard.forgewrapper.installer.Main.main(Main.java:69) ~[?:?]
	at org.prismlauncher.launcher.impl.StandardLauncher.launch(StandardLauncher.java:102) ~[?:?]
	at org.prismlauncher.EntryPoint.listen(EntryPoint.java:129) ~[?:?]
	at org.prismlauncher.EntryPoint.main(EntryPoint.java:70) ~[?:?]
[03Sep2025 15:34:20.294] [Render thread/WARN] [MCEF/]: JCEF is still running, killing to avoid lingering processes.
